hanyu,pinyin,日本語,correct,hsk_level,explanation_,explanation,w1,w2,w3,zero_based_correct_number
爱,ai4,愛する,愛する,1,"日本語の「愛」から「心」が抜けて「友」になっていますね。
我爱你(wo ai ni) 私はあなたを愛してます。","日本語の「愛」から「心」が抜けて「友」になっていますね。
《我爱你》(wo ai ni) 私はあなたを愛してます。",嫌い,貧しい,飲む,3
八,ba1,八,8,1,"バー。1声なので、高く発音するように心掛けましょう。
中国では縁起のいい数とされています。","バー。1声なので、高く発音するように心掛けましょう。
中国では縁起のいい数とされています。",6,7,9,3
爸爸,ba4 ba5,父,父,1,"音は「パパ」じゃなくて「バァバ」に近いですね。
なお、祖父は、中国語で爷爷(ye2 ye)です。
こちらも「父」がつくので注意しましょう。","音は「パパ」じゃなくて「バァバ」に近いですね。
なお、祖父は、中国語で《爷爷》(ye2 ye)です。
こちらも「父」がつくので注意しましょう。",おばあさん,おばさん,祖父,1
杯子,bei1 zi5,カップ,コップ,1,四个杯子 4つのコップ,《四个杯子》 4つのコップ,イス,机,妻,3
北京,Bei3 jing1,北京,北京,1,東京は、中国語で东京(dong jing)です。,東京は、中国語で《东京》(dong jing)です。,東京,ニューヨーク,ロンドン,2
本,ben3,本,【量詞】冊,1,"一本书(yì běn shū) 1冊の本
两本书(liǎng běn shū) 2冊の本

【基本的な量詞】
个 (ge)：様々なもの、個
岁 (suì)：年齢、歳
本 (běn)：本、冊
些 (xiē)：数の定まらないもの
块 (kuài)：塊やお金、かたまり
分钟 (fēn zhōng)：時間、〜分間","《一本书》(yì běn shū) 1冊の本
《两本书》(liǎng běn shū) 2冊の本

【基本的な量詞】
《个》 (ge)：様々なもの、個
《岁》 (suì)：年齢、歳
《本》 (běn)：本、冊
《些》 (xiē)：数の定まらないもの
《块》 (kuài)：塊やお金、かたまり
《分钟》 (fēn zhōng)：時間、〜分間",本気,すみません,パソコン,2
不,bu4,ではありません,〜ではありません,1,,,不気味,不味い(まずい),〜しないで,1
不客气,bu4 ke4 qi5,どういたしまして,どういたしまして,1,,,なぜなら,しかしながら,とりわけ,2
菜,cai4,一品,一品,1,"「ツァイ」という発音に近いです。「カイ」等ではないです。
前菜の菜のように、野菜ではなく、料理を意味します。","「ツァイ」という発音に近いです。「カイ」等ではないです。
前菜の菜のように、野菜ではなく、料理を意味します。",野菜,果物,水,0
茶,cha2,ティー,お茶,1,"【飲み物】
水(shui3)
牛奶(niu2 nai3)  牛乳
茶(cha2) お茶
咖啡(ka1 fei1) コーヒー","【飲み物】
《水》(shui3)
《牛奶》(niu2 nai3)  牛乳
《茶》(cha2) お茶
《咖啡》(ka1 fei1) コーヒー",コーヒー,水,お湯,3
吃,chi1,食べる,食べる,1,"「飲む」は、喝(he1)

なお、日本語での「吃」は、「吃る(どもる)」「吃音(キツオン)」「吃逆(しゃっくり・キツギャク)」などで使われる。
「食べる」という意味もあるらしい。","「飲む」は、《喝》(he1)

なお、日本語での「吃」は、「吃る(どもる)」「吃音(キツオン)」「吃逆(しゃっくり・キツギャク)」などで使われる。
「食べる」という意味もあるらしい。",喉が渇く,飲む,料理を作る,2
出租车,chu1 zu1 che1,タクシー,タクシー,1,"【乗り物】
出租车(chu1 zu1 che1) タクシー
火车(huo3 che1) 列車、電車
飞机(fei1 ji1) 飛行機","【乗り物】
《出租车》(chu1 zu1 che1) タクシー
《火车》(huo3 che1) 列車、電車
《飞机》(fei1 ji1) 飛行機",電車,船,税金をだす,0
打电话,da3 dian4 hua4,電話,電話する,1,,,パソコンで遊ぶ,テレビを見る,はがきを出す,1
大,da4,大きい,大きい,1,"「ダー」
大 da4
小 xiao3
少 shao3
多 duo1","「ダー」
《大》 da4
《小》 xiao3
《少》 shao3
《多》 duo1",小さい,空,電車,3
的,de5,の,の,1,,,ですか？,ホテル,すみません,1
点,dian3,時,時,1,ディエン。,ディエン。,分,秒,起きる,1
电脑,dian4 nao3,パソコン,パソコン,1,電脳空間といったら、インターネットぽいですよね。,電脳空間といったら、インターネットぽいですよね。,映画,テレビ,郵便局,3
电视,dian4 shi4,テレビ,テレビ,1,,,映画,パソコン,郵便局,3
电影,dian4 ying3,映画,映画,1,,,テレビ,パソコン,郵便局,2
东西,dong1 xi5,事、物,事、物,1,,,東西南北,左右,上下,3
都,dou1,全て,全て,1,,,お城,ホテル,すみません,1
读,du2,読む,読む,1,,,買う,売る,叫ぶ,2
对不起,dui4 bu5 qi3,すみません,すみません,1,,,おはようございます,どういたしまして,眠れません,0
多,duo1,もっと,もっと,1,"大 da4
小 xiao3
少 shao3
多 duo1","《大》 da4
《小》 xiao3
《少》 shao3
《多》 duo1",どうする,おはよう,ごめんなさい,2
多吃,duo1 chi1,,たくさん食べて,1,,,食べすぎ,吐く,気持ちが悪い,2
多年,duo1 nian3,,長年,1,,,留年,年長の子供,年寄り,1
多少,duo1 shao3,どの位,どの位,1,,,知らない,小籠包,上海,0
多少钱,duo1 shao3 qian2,,いくらですか,1,"这个多少钱 これは、いくらですか。

多少钱(duo1 shao3 qian2) 値段はいくら How much
什么(shen2 me5) 何 What
哪儿(na3 r5) どこで Where
谁(shei2) 誰 Who","《这个多少钱》 これは、いくらですか。

《多少钱》(duo1 shao3 qian2) 値段はいくら How much
《什么》(shen2 me5) 何 What
《哪儿》(na3 r5) どこで Where
《谁》(shei2) 誰 Who",大小の銭,きっと大丈夫,ごめんください,2
儿子,er2 zi5,息子,息子,1,"儿(er2)は、児童の簡体字。繁体字だと、兒。
几(ji)ではなく、儿(er2)なので注意。","《儿》(er2)は、児童の簡体字。繁体字だと、兒。
《几》(ji)ではなく、《儿》(er2)なので注意。",他人,身内,双子,2
二,er4,二つ,2,1,,,3,4,1,2
饭馆,fan4 guan3,レストラン,レストラン,1,"余談ですが、中国に「いただきます」をいう文化はないです。
「いただきます」をいうのは、日本らしい文化です。","余談ですが、中国に「いただきます」をいう文化はないです。
「いただきます」をいうのは、日本らしい文化です。",コンサート,いただきます,廊下,1
飞机,fei1 ji1,航空機,飛行機,1,,,電車,タクシー,バス,2
分钟,fen1 zhong1,分,【量詞】分,1,"钟は、鐘の簡体字。

【HSK2級以上の単語】
钟は、置き時計の意味がある。

手表(shou3 biao3) 腕時計
挂钟 掛け時計
座钟 置き時計
闹钟 目覚まし時計","《钟》は、鐘の簡体字。

【HSK2級以上の単語】
《钟》は、置き時計の意味がある。

《手表》(shou3 biao3) 腕時計
《挂钟》 掛け時計
《座钟》 置き時計
《闹钟》 目覚まし時計",時,秒,置き時計,2
高兴,gao1 xing4,幸せ、嬉しい,幸せ、嬉しい,1,,,悪い,逃げる,高い,2
个,ge4,【量詞】個,個,1,,,【量詞】冊,弟,皆,1
工作,gong1 zuo4,仕事,仕事,1,水面下での事前の働きの意味での「工作」はあるが、「図画工作」の意味での「工作」はない。,水面下での事前の働きの意味での「工作」はあるが、「図画工作」の意味での「工作」はない。,図書館,公務員,図画工作,3
狗,gou3,犬,犬,1,"天狗(テング)の狗。日本語で「狗(いぬ)」とも読む。

猫(mao1)が、ネコ。
熊猫(xióng māo)が、パンダ。
大熊猫(dà xióng māo)が、ジャイアント・パンダ。
(パンダはより上級の単語です。HSK3級)","天狗(テング)の狗。日本語で「狗(いぬ)」とも読む。

《猫》(mao1)が、ネコ。
《熊猫》(xióng māo)が、パンダ。
《大熊猫》(dà xióng māo)が、ジャイアント・パンダ。
(パンダはより上級の単語です。HSK3級)",猫,パンダ,人間,2
汉语,Han4 yu3,中国語,中国語,1,汉は、漢字の漢の簡体字です。,《汉》は、漢字の漢の簡体字です。,日本語,英語,韓国語,3
好,hao3,良い、とても,良い、とても,1,,,嫌い,女性,女子高生,2
喝,he1,飲む,飲む,1,,,喉が渇く,嫌い,わからない,0
和,he2,と,と,1,"【例】
狗和猫(gou3 he2 mao1) イヌとネコ
狗(gou3)が、イヌ。
猫(mao1)が、ネコ。","【例】
《狗和猫》(gou3 he2 mao1) イヌとネコ
《狗》(gou3)が、イヌ。
《猫》(mao1)が、ネコ。",なぜならば,それこそ,またもや,0
狗和猫,gou3 he2 mao1,,イヌとネコ,1,"狗(gou3)が、イヌ。
猫(mao1)が、ネコ。
和が、andを表す「と」の意味です。","《狗》(gou3)が、イヌ。
《猫》(mao1)が、ネコ。
《和》が、andを表す「と」の意味です。",日本猫,天狗がネコと遊ぶ,天狗のネコ,1
很,hen3,非常に,とても,1,,,辺,変,それでもなお,3
后面,hou4 mian5,後ろ,後ろ,1,,,前,前向きに,皇后様,0
回,hui2,帰る,帰る,1,,,回り道をする,(帰らないで)遊ぶ,できる,0
回家,hui2 jia,家に帰る,家に帰る,1,回が、「帰る」という動詞。,《回》が、「帰る」という動詞。,車を運転する,家を回す,家で遊ぶ,0
会,hui4,できる,〜できる,1,【助動詞】〜できる,【助動詞】〜できる,回り道をする,(帰らないで)遊ぶ,帰る,1
火车,huo3 che1,,列車、電車,1,"车(che1)は、車の簡体字。
火は、火室に石炭をくべて走らせた機関車を走らせてたことが由来だが、
電車になった今でも口語では電車のことを「火车」と呼ぶ。","《车》(che1)は、車の簡体字。
火は、火室に石炭をくべて走らせた機関車を走らせてたことが由来だが、
電車になった今でも口語では電車のことを「《火车》」と呼ぶ。",車,タクシー乗り場,バスターミナル,3
火车站,huo3 che1 zhan4,鉄道駅,(鉄道の)駅,1,,,電車,タクシー乗り場,バスターミナル,0
几,ji3,どのくらい,どのくらい,1,,,なぜなら,それこそ,またもや,0
家,jia1,家,家、家族,1,「大家(da4 jia1)」は「皆さん」という意味で、大勢の人に呼びかけるときに使います。,「《大家》(da4 jia1)」は「皆さん」という意味で、大勢の人に呼びかけるときに使います。,みなさん,和やかな,好む,2
叫,jiao4,呼ぶ,呼ぶ,1,"你叫什么名字？ あなたは何という名前ですか
什么が何(what)、名字が名前(name)に相当する。","《你叫什么名字？》 あなたは何という名前ですか
《什么》が何(what)、《名字》が名前(name)に相当する。",話す,静かに話す,飛ぶ,3
叫什么名字,jiao4 shen me ming zi,,なんという名前ですか,1,なんという名前ですか,なんという名前ですか,どこから来ましたか,笑えない,名前を叫べ,3
今天,jin1 tian1,今日,今日,1,,,昨日,今年,今しがた,3
九,jiu3,九つ,9,1,,,7,10,8,1
开,kai1,開ける,開ける、(車や機械を)運転する,1,开は、「開」の簡体字。,《开》は、「開」の簡体字。,閉める,帰る,見る,3
开车,kai1 che1,,車を運転する,1,"开は、「開」の簡体字。
车は、「車」の簡体字。","《开》は、「開」の簡体字。
《车》は、「車」の簡体字。",車を見つける,車を蹴る,車を売る,1
看,kan1,見る,見る・読む,1,看书(kan1 shu1) 本を読む,《看书》(kan1 shu1) 本を読む,開ける,閉じる,消す,0
看见,kan4 jian4,見る,見る,1,,,開ける,閉じる,消す,2
块,kuai4,塊,人民元の元の口語表現、【量詞】塊(かたまり),1,"块は、「塊(カイ・かたまり)」の簡体字。
一块钱 1つのお金(1枚の硬貨 1元)","《块》は、「塊(カイ・かたまり)」の簡体字。
《一块钱》 1つのお金(1枚の硬貨 1元)",運ぶ,手に取る,速く動く,1
来,lai2,来る,来る,1,,,帰る,帰り道,遊ぶ,0
老师,lao3 shi1,教師,教師、先生,1,"お医者さんを表す先生は、「医生」です。
イケメンは「帅(shuai)」です。横棒が一本ないですね。","お医者さんを表す先生は、「《医生》」です。
イケメンは「《帅》(shuai)」です。横棒が一本ないですね。",お医者さん,老いた先生,静かにする,1
了,le5,過去形を表す,〜した,1,完了の完了です。,完了の完了です。,〜する予定,〜しなければならない,〜ほど,1
冷,leng3,冷たい,冷たい,1,,,暑い,水,起きる,0
里,li3,中,中,1,,,外,帰る,先生,0
零,ling2,ゼロ,0,1,,,1,2,3,3
六,liu4,六,6,1,,,5,7,8,2
妈妈,ma1 ma5,ママ,ママ,1,"口偏だと、疑問を示す「吗(ma)」となります。
父は、爸爸(ba ba)です。","口偏だと、疑問を示す「《吗》(ma)」となります。
父は、《爸爸》(ba ba)です。",パパ,おばあさん,ばあさん,0
吗,ma5,疑問を表す,疑問を表す,1,,,馬,母,味方,0
买,mai3,購入する,買う,1,"买东西 買い物をする。
东西は、物(something)の意味。

去买东西(qu4 mai3 dong1 xi) 買い物しに行く。
(意味合い的にも動詞が2つ並んでいる連動文)

买は、HSK2級相当の「売る」の卖（mai4）に似ているので注意。","《买东西》 買い物をする。
《东西》は、物(something)の意味。

《去买东西》(qu4 mai3 dong1 xi) 買い物しに行く。
(意味合い的にも動詞が2つ並んでいる連動文)

《买》は、HSK2級相当の「売る」の《卖》（mai4）に似ているので注意。",売る,猫,ダンスする,0
猫,mao1,猫,猫,1,"狗(gou3)が、イヌ。
猫(mao1)が、ネコ。
熊猫(xióng māo)が、パンダ。
大熊猫(dà xióng māo)が、ジャイアント・パンダ。
(パンダはより上級の単語です。HSK3級)","《狗》(gou3)が、イヌ。
《猫》(mao1)が、ネコ。
《熊猫》(xióng māo)が、パンダ。
《大熊猫》(dà xióng māo)が、ジャイアント・パンダ。
(パンダはより上級の単語です。HSK3級)",イヌ,パンダ,鳥,3
没,mei2,ではありません,ではありません,1,単体だと2声で、疑問形みたいに聞こえる,単体だと2声で、疑問形みたいに聞こえる,〜する予定,〜しなければならない,〜ほど,2
没关系,mei2 guan1 xi5,気にしないで,大丈夫！、どういたしまして,1,"「关系」は「関係」の簡体字。
直訳の「関係ない」という意味もある。","「《关系》」は「関係」の簡体字。
直訳の「関係ない」という意味もある。",ごめんなさい、大変申し訳ございません,おはよう、元気にしてますか,閉じる,1
米饭,mi3 fan4,米,米,1,,,麺麭(パン),拉麺(ラーメン),お昼ごはん,1
明天,ming2 tian1,明日,明日,1,,,来年,去年,昨日,0
名字,ming2 zi5,名前,名前,1,人の名前以外にも、一般的な名前として使う。,人の名前以外にも、一般的な名前として使う。,名字(みょうじ),茗荷(みょうが),名作,3
哪,na3,どの,どの,1,,,あれ,これ,それ,2
哪儿,na3 r5,どこ,どこ,1,"这是你打爸爸。この人が、あたなの父です。
谁是你打爸爸？ あなたの父は誰ですか。

多少钱(duo1 shao3 qian2) 値段はいくら How much
什么(shen2 me5) 何 What
哪儿(na3 r5) どこで Where
谁(shei2) 誰 Who","《这是你打爸爸。》この人が、あたなの父です。
《谁是你打爸爸？》 あなたの父は誰ですか。

《多少钱》(duo1 shao3 qian2) 値段はいくら How much
《什么》(shen2 me5) 何 What
《哪儿》(na3 r5) どこで Where
《谁》(shei2) 誰 Who",あそこ,ここ,それ,0
那,na4,その,その,1,,,しかし,どの,どなた,3
那儿,na4 r5,そこ,そこ,1,"那儿(na4 r5) あそこ
哪儿(na3 r5) どこ","《那儿》(na4 r5) あそこ
《哪儿》(na3 r5) どこ",どこ,まれ,那覇,1
呢,ne5,疑問を表す,疑問を表す,1,,,泥(どろ),甘い,猫,1
能,neng2,できる,〜できる,1,【助動詞】〜できる,【助動詞】〜できる,熊(クマ),パンダ,〜でしょう,0
你,ni3,あなた,あなた,1,,,わたし,彼ら,ドイツ,1
年,nian2,年,年,1,,,人間,あなた,わたし,0
女儿,nv3 er2,娘,娘,1,"息子は、儿子(er zi)。
娘は、女儿(nv3 er2)

儿(er2)は、児童の簡体字。繁体字だと、兒。
几(ji)ではなく、儿(er2)なので注意。","息子は、《儿子》(er zi)。
娘は、《女儿》(nv3 er2)

《儿》(er2)は、児童の簡体字。繁体字だと、兒。
《几》(ji)ではなく、《儿》(er2)なので注意。",息子,子どもたち,母親,2
朋友,peng2 you5,友人,友達、友人,1,女朋友・男朋友で、それぞれ恋人としての彼女・彼氏の意味になる。,《女朋友》・《男朋友》で、それぞれ恋人としての彼女・彼氏の意味になる。,息子,母,崩落,0
漂亮,piao4 liang5,美しい,美しい,1,"漂(piao4)は、漂白剤の漂(ヒョウ)の字と同じ。
漂は、単体では「漂う」「浮かぶ」等の意味。

亮(liang5)は、「明るい、明るくする、明るくなる」等の意味。","《漂》(piao4)は、漂白剤の漂(ヒョウ)の字と同じ。
《漂》は、単体では「漂う」「浮かぶ」等の意味。

《亮》(liang5)は、「明るい、明るくする、明るくなる」等の意味。",汚い,かわいい、愛らしい,漂う,0
苹果,ping2 guo3,リンゴ,リンゴ,1,"苹(ping2)は、平(ping2)と同じ音。
平时(ping2 shi2)の平.","《苹》(ping2)は、《平》(ping2)と同じ音。
《平时》(ping2 shi2)の《平》.",バナナ,ジュース,果物,0
七,qi1,七,7,1,,,8,9,10,1
钱,qian2,お金,お金,1,钱は、銭の簡体字ですね。,《钱》は、銭の簡体字ですね。,遅延,しかし,それこそ,3
前面,qian2 mian4,前,前,1,,,七,お金,〜してください,2
请,qing3,してください,～してください,1,,,～できる,〜でしょ,忘れない,0
去,qu4,行く,行く,1,,,帰り道,去年,昨日,0
热,re4,熱い,熱い,1,,,熱気球,熱帯夜,煮詰める,2
人,ren2,人々,人、人間、人々,1,,,連絡,知っている,知らない,1
认识,ren4 shi5,知っている,知っている,1,"认识は、それぞれ認識の簡体字

【ren】
人(ren2) 数人の人(ニン)
认(ren4) 認識の認(ニン)
どちらも、「人」の字が使われ、「ニン」と読む。","《认识》は、それぞれ認識の簡体字

【ren】
《人》(ren2) 数人の人(ニン)
《认》(ren4) 認識の認(ニン)
どちらも、「人」の字が使われ、「ニン」と読む。",知らない,連絡,人,3
日,ri4,日,日,1,,,知らない,人,利用する,1
三,san1,三つ,3,1,,,1,2,0,2
商店,shang1 dian4,ショップ,お店、ショップ,1,,,シャンデリア,午前,午後,2
上,shang4,上の,上の,1,,,下の,中,右,0
上午,shang4 wu3,朝,午前,1,"上午(shang wu3) 午前
中午(zhong wu3) 正午
下午(xia4 wu3) 午後","《上午》(shang wu3) 午前
《中午》(zhong wu3) 正午
《下午》(xia4 wu3) 午後",午後,正午,馬に乗る,1
少,shao3,少ない,少ない,1,"大 da4
小 xiao3
少 shao3
多 duo1","《大》 da4
《小》 xiao3
《少》 shao3
《多》 duo1",近い,短い,長い,0
谁,shei2,誰,誰,1,"这是你打爸爸。この人が、あたなの父です。
谁是你打爸爸？ あなたの父は誰ですか。

什么(shen2 me5) 何 What
哪儿(na3 r5) どこで Where
谁(shei2) 誰 Who","《这是你打爸爸。》この人が、あたなの父です。
《谁是你打爸爸？》 あなたの父は誰ですか。

《什么》(shen2 me5) 何 What
《哪儿》(na3 r5) どこで Where
《谁》(shei2) 誰 Who",これ,あれ,不思議,1
什么,shen2 me5,何,何,1,,,誰,どこ,なぜ,3
十,shi2,十,10,1,,,1,100,1000,0
时候,shi2 hou5,～の時,～の時,1,时は、時の簡体字ですね。,《时》は、時の簡体字ですね。,リミット,置き時計,腕時計,0
是,shi4,～である,～である,1,,,けれども,それにしても,十,1
书,shu1,本,本,1,那本书(na4 ben3 shu1) あの本(that book),《那本书》(na4 ben3 shu1) あの本(that book),巻物,事,時間,3
水,shui3,水,水,1,水果(shui3 guo3)で、果物の意味です。,《水果》(shui3 guo3)で、果物の意味です。,眠る,起きる,お湯,0
水果,shui3 guo3,フルーツ,フルーツ,1,一些水果(some fruits),《一些水果》(some fruits),リンゴ,ネコ,イヌ,2
睡,shui4,,寝る,1,,,起き上がる,目が覚める,覚醒する,3
睡觉,shui4 jiao4,寝る,寝る,1,"「覚醒する」の「覚」の字があるが、「眠る」の意味なので注意。

【jiao】
觉(jiao4) 覚悟の覚(カク)
叫(jiao4) 絶叫の叫(キョウ)","「覚醒する」の「覚」の字があるが、「眠る」の意味なので注意。

【jiao】
《觉》(jiao4) 覚悟の覚(カク)
《叫》(jiao4) 絶叫の叫(キョウ)",起き上がる,目が覚める,覚醒する,0
说话,shuo1 hua4,話します,話す,1,"说话(的)人 話している人、発言者
※的はあってもなくてもいい","《说话(的)人》 話している人、発言者
※《的》はあってもなくてもいい",説教する,生活する,戦う,3
四,si4,四,4,1,,,1,2,3,2
岁,sui4,歳,歳,1,,,夕日,山,水,3
他,ta1,彼,彼,1,,,その他,他人,人間,0
她,ta1,彼女,彼女,1,,,天女,人間,彼,1
太,tai4,かなり,かなり,1,,,太っている,脂肪,大人,3
天气,tian1 qi4,天気,天気,1,,,天罰,天界,機関車,1
听,ting1,聞く,聞く,1,"听は、「聴」の簡体字です。
耳偏が口偏になっていて、元の字の名残がない感じがしますね。","《听》は、「聴」の簡体字です。
耳偏が口偏になっていて、元の字の名残がない感じがしますね。",祈る,ささやく,話す,2
听说,ting1 shuo1,,聞くところによると,1,"听は、「聴」の簡体字です。
耳偏が口偏になっていて、元の字の名残がない感じがしますね。","《听》は、「聴」の簡体字です。
耳偏が口偏になっていて、元の字の名残がない感じがしますね。",祈る,ささやく,話す,2
同学,tong2 xue2,同級生,同級生,1,,,同窓会,学校,学ぶ,2
喂,wei4,もしもし,もしもし,1,,,しかし,したがって,それこそ,3
我,wo3,私,私,1,,,彼,私達,彼女,0
我们,wo3 men5,私たち,私たち,1,们が、複数を表す「達」の意味です。,《们》が、複数を表す「達」の意味です。,私,彼,彼ら,3
五,wu3,五,5,1,"星期一が、月曜日。
星期五で、金曜日。
星期六で、土曜日。
星期天・星期日が、日曜日。","《星期一》が、月曜日。
《星期五》で、金曜日。
《星期六》で、土曜日。
《星期天・星期日》が、日曜日。",2,3,4,0
喜欢,xi3 huan5,好き,好き,1,"欢は、歓声・歓迎の歓の簡体字。
歓迎するは、欢迎(huan1 ying2)。","《欢》は、歓声・歓迎の歓の簡体字。
歓迎するは、《欢迎》(huan1 ying2)。",歓迎する,応援する,ボランティア,1
下,xia4,下,下,1,,,上,右,左,0
下午,xia4 wu3,午後,午後,1,"上午(shang wu3) 午前
中午(zhong wu3) 正午
下午(xia4 wu3) 午後","《上午》(shang wu3) 午前
《中午》(zhong wu3) 正午
《下午》(xia4 wu3) 午後",午前,正午,深夜,0
下雨,xia4 yu3,雨が降る,雨が降る,1,"【例文】
今天没下雨。今日は、雨が降らなかった。
「今天(jing1 tian1)」が、今日。
「没(mei2)」が「〜しなかった」という過去の否定。","【例文】
《今天没下雨。》今日は、雨が降らなかった。
「《今天》(jing1 tian1)」が、今日。
「《没》(mei2)」が「〜しなかった」という過去の否定。",雨が上がる,雨の中を歩く,雨宿りする,0
先生,xian1 sheng5,さん,さん,1,,,お医者さん,教師,先手,0
现在,xian4 zai4,今,今,1,シエンザイ,シエンザイ,昨日,明日,今年,1
想,xiang3,したい,〜したい,1,,,恋い焦がれる,熱中する,探す,3
小,xiao3,小さな,小さな,1,"大 da4
小 xiao3
少 shao3
多 duo1","《大》 da4
《小》 xiao3
《少》 shao3
《多》 duo1",大きい,短い,高い,3
小姐,xiao3 jie5,若い女性,お嬢さん、娘さん,1,呼びかけにも使われます,呼びかけにも使われます,おばあさん,おばさん,祖母,3
些,xie1,一部,一部,1,"【基本的な量詞】
个 (ge)：様々なもの、個
岁 (suì)：年齢、歳
本 (běn)：本、冊
些 (xiē)：数の定まらないもの
块 (kuài)：塊やお金、かたまり
分钟 (fēn zhōng)：時間、〜分間","【基本的な量詞】
《个》 (ge)：様々なもの、個
《岁》 (suì)：年齢、歳
《本》 (běn)：本、冊
《些》 (xiē)：数の定まらないもの
《块》 (kuài)：塊やお金、かたまり
《分钟》 (fēn zhōng)：時間、〜分間",仕方ない,写す,感謝する,1
写,xie3,書く,書く,1,,,一部,謝る,感謝する,2
谢谢,xie4 xie5,ありがとう,ありがとう,1,"シエシエ
谢谢你もありがとう(Thank you)です。","シエシエ
《谢谢你》もありがとう(Thank you)です。",一部,書く,写す,1
星期,xing1 qi1,週,曜日、週,1,"シンチー
星期一が、月曜日。
星期六が、土曜日。
星期天・星期日が、日曜日。
星期几が、何曜日。

上(个)星期 先週
这(个)星期 今週
下(个)星期 来週","シンチー
《星期一》が、月曜日。
《星期六》が、土曜日。
《星期天》・《星期日》が、日曜日。
《星期几》が、何曜日。

《上(个)星期》 先週
《这(个)星期》 今週
《下(个)星期》 来週",天体,天気,夜,2
学生,xue2 sheng5,学生,学生,1,,,大学,小学校,学ぶ,1
大学生,da1 xue2 sheng5,,大学生,1,,,みなさん,中学生,大人,0
学习,xue2 xi2,ラーニング,学習する、学ぶ,1,习は、習の簡体字。習の一部ですね。,《习》は、習の簡体字。習の一部ですね。,学生,戦う,生きる,3
学校,xue2 xiao4,学校,学校,1,,,学生,校則,小学生,0
一,yi1,一,1,1,イー,イー,2,3,4,3
一月一号,yi1 yue4 yi1 hao4,,1月1日,1,"どちらも一は声調変化せず1声のまま。
文章では一月一日と書き、口語では「一月一号」と書きます。","どちらも一は声調変化せず1声のまま。
文章では《一月一日》と書き、口語では《一月一号》と書きます。",2月,3月,4月,1
衣服,yi1 fu5,服,服,1,"イーフ
这件衣服 この服","イーフ
《这件衣服》 この服",医者,病院,医療,0
医生,yi1 sheng1,先生,医者、お医者さん,1,"お医者さんの先生です。
李医生で、李先生。","お医者さんの先生です。
《李医生》で、李先生。",教師、(学校の)先生,病院,正月,3
医院,yi1 yuan4,病院,病院,1,,,お医者さん,人間,学校,1
椅子,yi3 zi5,椅子,椅子,1,,,テーブル,デスク,子供,0
有,you3,持っている,持っている,1,,,ない,買う,もしもし,2
月,yue4,月,月,1,"天体の月ではなく、暦の月として出題される。
几月几号？ 何月何日ですか。
一个月 一ヶ月の間(HSK3級？)","天体の月ではなく、暦の月として出題される。
《几月几号？》 何月何日ですか。
《一个月》 一ヶ月の間(HSK3級？)",太陽,日,秒,0
在,zai4,どこどこで,存在している,1,A 存 B。 BにAはある。,《A 存 B。》 BにAはある。,国内,国外,またね,1
再见,zai4 jian4,さようなら,さようなら,1,,,話す,ささやく,〜と申します,1
怎么,zen3 me5,どのように,どのように,1,你怎么还在睡觉。どうしてまだ寝てますか？,《你怎么还在睡觉。》どうしてまだ寝てますか？,何,全力,逃げる,0
怎么样,zen3 me5 yang4,どうですか？,どうですか？,1,,,どれ,全力,逃げる,1
这,zhe4,これ,これ,1,,,したがって,どれ,どこ,1
这儿,zhe4 r5,ここに,ここに,1,,,この,イス,机,0
中国,Zhong1 guo2,中国,中国,1,,,日本,第三勢力,間,1
中午,zhong1 wu3,正午,正午,1,,,午前,午後,イス,2
住,zhu4,住んでいる,住んでいる,2,,,イス,机,長い,1
桌子,zhuo1 zi5,机,机,2,椅子(yi3 zi5),《椅子》(yi3 zi5),イス,短い,ネコ,3
字,zi4,字,字,2,発音は「ズ」に近い,発音は「ズ」に近い,書く,聴く,子供,0
昨天,zuo2 tian1,昨日,昨日,2,"今日は、今天(jin tian)。
明日は、明天(ming tian)。
今(コン)や天(テン)と「ン」で終わるものは中国語のピンインも「n」で終わる傾向があります。
明(メイ)のように「ン」で終わらないものは、「ng」で終わる傾向があります。","今日は、《今天》(jin tian)。
明日は、《明天》(ming tian)。
今(コン)や天(テン)と「ン」で終わるものは中国語のピンインも「n」で終わる傾向があります。
明(メイ)のように「ン」で終わらないものは、「ng」で終わる傾向があります。",明日,今日,昨年・去年,3
坐,zuo4,座る,座る、乗る,2,,,逃げる,飛ぶ,行く,3
做,zuo4,する,する,2,做饭(zuo4 fan4) 料理を作る,《做饭》(zuo4 fan4) 料理を作る,怖い,戦う,笑う,1
吧,ba5,でしょ？,でしょ？,2,,,母,それこそ,父親,2
白,bai2,白,白,2,"百はbai3, 白はbai2、声調違いですね。","《百》はbai3, 《白》はbai2、声調違いですね。",百,黒,千,0
百,bai3,百,百,2,"百はbai3, 白はbai2、声調違いですね。

百 bai3
千 qian1
万 wan3","《百》はbai3, 《白》はbai2、声調違いですね。

《百》 bai3
《千》 qian1
《万》 wan3",白,黒,万,3
帮助,bang1 zhu4,助ける,助ける,2,,,禁止する,彼ら,タクシー,0
报纸,bao4 zhi3,新聞,新聞,2,"报(bao4)は、報告の報。
中国語で「新闻」(xīnwén)というと、「(新聞やテレビ等で報道される)ニュース」の意味です。

【baoは、ホウ】
包(bao1) 包む、包装の包(ホウ)
饱(bao3) 満腹だ、飽和の飽(ホウ)
报(bao4) 知らせる、報告の報(ホウ)","《报(bao4)》は、報告の報。
中国語で「《新闻》」(xīnwén)というと、「(新聞やテレビ等で報道される)ニュース」の意味です。

【baoは、ホウ】
《包》(bao1) 包む、包装の包(ホウ)
《饱》(bao3) 満腹だ、飽和の飽(ホウ)
《报》(bao4) 知らせる、報告の報(ホウ)",ニュース,マスコミ,赤ちゃん,2
比,bi3,比較して,比べる、【前置詞】〜より、〜比べて,2,,,【前置詞】に〜(対して),【前置詞】〜に・〜へ、〜まで,強い,1
别,bie2,しないでください,【助動詞】〜しないで,2,,,【助動詞】〜しろ・〜して,けれど,分かれ道,1
长,chang2,長い,長い,2,"【chang】
长(chang2) 長(チョウ)
常(chang2) 常(ジョウ)
场(chang3) 場外の場(ジョウ)
唱(chang4) 歌唱力の唱(ショウ)","【chang】
《长》(chang2) 長(チョウ)
《常》(chang2) 常(ジョウ)
《场》(chang3) 場外の場(ジョウ)
《唱》(chang4) 歌唱力の唱(ショウ)",短い,飛ぶ,歌う,0
唱歌,chang4 ge1,歌を歌う,歌を歌う,2,,,長い,短い,着る・穿く,3
出,chu1,出る,出る,2,,,キスする,噛む,噛み砕く,3
穿,chuan1,着る,着る・穿く,2,,,キスする,船,電車,0
船,chuan2,ボート,船(ふね),2,"【乗り物】
出租车(chu1 zu1 che1) タクシー
火车(huo3 che1) 列車、電車
自行车(zi4 xing2 che1) 自転車
飞机(fei1 ji1) 飛行機
船(chuan2) ボート","【乗り物】
《出租车》(chu1 zu1 che1) タクシー
《火车》(huo3 che1) 列車、電車
《自行车》(zi4 xing2 che1) 自転車
《飞机》(fei1 ji1) 飛行機
《船》(chuan2) ボート",電車,飛行機,タクシー,2
次,ci4,次,【量詞】回、度,2,"ズ。
字(zi)はズ、次(ci4)はツの発音に近いです。ジやキなどではないです。","ズ。
《字》(zi)はズ、《次》(ci4)はツの発音に近いです。ジやキなどではないです。",字,子供,大家,3
这次,zhe4 ci4,,今回は、この度は,2,,,この次は,この次に,前回は,1
从,cong2,から,【前置詞】から,2,,,【前置詞】に〜(対して),【前置詞】〜に・〜へ、〜まで,大勢の人々,1
错,cuo4,間違う,間違う,2,"我错了 私が間違っていました

写错(xie3 cuo4) 書き間違える","《我错了》 私が間違っていました

《写错》(xie3 cuo4) 書き間違える",正しい,怒る,太る,3
不错,bu2 cuo4,,いいね,2,"没错と不错は、字面は似てるが、違う言葉。

不错は、直訳すると「悪くない」だが、「いいね！(Good!)」ともっと褒めてる感じの言葉。
ラフな言葉なので、目上の人などに使わないようにする。

没错は、返事で「そうです(Yes!)」と肯定したりする感じ。","《没错》と《不错》は、字面は似てるが、違う言葉。

《不错》は、直訳すると「悪くない」だが、「いいね！(Good!)」ともっと褒めてる感じの言葉。
ラフな言葉なので、目上の人などに使わないようにする。

《没错》は、返事で「そうです(Yes!)」と肯定したりする感じ。",そうです、その通り,悪くはない,間違っている,0
没错,mei2 cuo4,,そうです、その通り,2,"没错と不错は、字面は似てるが、違う言葉。

不错は、直訳すると「悪くない」だが、「いいね！(Good!)」ともっと褒めてる感じの言葉。
ラフな言葉なので、目上の人などに使わないようにする。

没错は、返事で「そうです(Yes!)」と肯定したりする感じ。","《没错》と《不错》は、字面は似てるが、違う言葉。

《不错》は、直訳すると「悪くない」だが、「いいね！(Good!)」ともっと褒めてる感じの言葉。
ラフな言葉なので、目上の人などに使わないようにする。

《没错》は、返事で「そうです(Yes!)」と肯定したりする感じ。",いいね,悪くはない,間違っている,2
好吧,hao3 ba,,(喜んで)いいよ、(仕方ないから)いいよ,2,必ずしも、喜んで許諾するとは限らず、選択肢がない場合にも使う。,必ずしも、喜んで許諾するとは限らず、選択肢がない場合にも使う。,悪くない,そうです,間違っている,3
打篮球,da3 lan2 qiu2,バスケットボールをする,バスケットボールをする,2,"打电话(電話する)のように、打は「する」を意味する多機能な動詞です。
中国はバスケが盛んです。「篮」は、ゴールの「籃(かご)」のことと覚えましょう。

「サッカーをする」は「踢足球」となります。足を使うので、動詞は「打」ではなく「踢(ti1)」を使います。

2級ででないかもしれませんが、
「バレーボールをする」は「打排球(dǎ pái qiú)」です。バレーは日本語でも漢字で書くと排球と書きます。『ハイキュー！』という漫画は、バレーをするジャンプの漫画です。","《打电话》(電話する)のように、《打》は「する」を意味する多機能な動詞です。
中国はバスケが盛んです。「《篮》」は、ゴールの「籃(かご)」のことと覚えましょう。

「サッカーをする」は「《踢足球》」となります。足を使うので、動詞は「《打》」ではなく「《踢》(ti1)」を使います。

2級ででないかもしれませんが、
「バレーボールをする」は「《打排球》(dǎ pái qiú)」です。バレーは日本語でも漢字で書くと排球と書きます。『ハイキュー！』という漫画は、バレーをするジャンプの漫画です。",バレーボールをする,サッカーをする,卓球をする。,0
大家,da4 jia1,みんな,みんな,2,日本語の「大家(おおや)」とは違うので、注意しましょう。,日本語の「大家(おおや)」とは違うので、注意しましょう。,彼ら,彼,大家(おおや),2
但是,dan4 shi4,しかし,しかし,2,,,したがって,なぜなら,また,0
到,dao4,へ,【前置詞】〜に・〜へ、〜まで,2,,,【前置詞】に〜(対して),なぜならば,まったく,2
得,de5,得ます,得る,2,,,の,特別な,とりわけ,3
等,deng3,待って,待つ,2,,,【結果補語】〜してわかる,兄弟,等しい,3
弟弟,di4 di5,弟,弟,2,,,兄,姉,妹,1
第一,di4 yi1,最初の,最初の,2,,,しかし,弟,好き,2
电影票,dian4 ying3 piao,,映画のチケット,2,"电影が、映画(えいが)
票が、チケット。","《电影》が、映画(えいが)
《票》が、チケット。",映画のスケジュール,電車のチケット,電車の時刻表,1
懂,dong3,分かった,わかる・【結果補語】〜してわかる,2,懂(dong3)は、「憧(chōng)」「憧れる(あこがれる)」という漢字とは異なるので注意。,《懂》(dong3)は、「《憧》(chōng)」「憧れる(あこがれる)」という漢字とは異なるので注意。,決して,対して,笑う,3
对,dui4,へ,【前置詞】に〜(対して),2,,,【前置詞】〜に・〜へ、〜まで,とりわけ,友達,3
房间,fang2 jian1,部屋,部屋,2,,,ホテル,列車,タクシー,3
非常,fei1 chang2,非常に,非常に,2,"【fei】
非(fei1) 非凡の非(匕)
飞(fei1) 飛翔の飛(匕)

【chang】
长(chang2) 長(チョウ)
常(chang2) 常(ジョウ)
场(chang3) 場外の場(ジョウ)
唱(chang4) 歌唱力の唱(ショウ)","【fei】
《非》(fei1) 非凡の非(匕)
《飞》(fei1) 飛翔の飛(匕)

【chang】
《长》(chang2) 長(チョウ)
《常》(chang2) 常(ジョウ)
《场》(chang3) 場外の場(ジョウ)
《唱》(chang4) 歌唱力の唱(ショウ)",ふつうに,飛行機,空港,3
服务员,fu2 wu4 yuan2,店員,店員、従業員,2,"务は、勤務の「務」の簡体字。
「服务(fu2 wu4)」単体は、「働く」「奉仕する」という意味の動詞。 

服务员は、店員さんを呼びかけるときにも使える。
日本だったら「すみません」と呼ぶところで、「服务员」と。","《务》は、勤務の「務」の簡体字。
「《服务》(fu2 wu4)」単体は、「働く」「奉仕する」という意味の動詞。 

《服务员》は、店員さんを呼びかけるときにも使える。
日本だったら「すみません」と呼ぶところで、「服务员」と。",公務員,先生,医者,2
高,gao1,高い,高い,2,"短(duan)

高兴(gao1 xing4)

高

値段が高いことは、贵(gui4)を用います。","《短》(duan)

《高兴》(gao1 xing4)

高

値段が高いことは、《贵》(gui4)を用います。",低い,短い,笑う,1
告诉,gao4 su5,伝える,伝える(tell),2,字面を見ると「告訴(こくそ)」ですが、そのような意味はないし、そのような難しい言葉はHSK2級にでません。,字面を見ると「告訴(こくそ)」ですが、そのような意味はないし、そのような難しい言葉はHSK2級にでません。,話す、講義する,訴え、告訴,訴える、告訴する,2
哥哥,ge1 ge5,兄,兄,2,,,弟,空,海,2
给,gei3,へ,与える・へ,2,,,けれど,生きる,希望,1
公共汽车,gong1 gong4 qi4 che1,バス,バス,2,"【乗り物】
火车(huo3 che1) 電車
汽车(qi4 che1) 自動車
公共汽车(gong1 gong4 qi4 che1) バス
出租车(chū zū chē) タクシー

【qiは、キ読みが多い】
七(qi1) 七(シチ)
期(qi1) 期(キ)
妻(qi1) 妻(サイ)
其(qi2) 其(キ、その、それ)
奇(qi2) 奇(キ)
骑(qi2) 騎(キ)
起(qi3) 起(キ)
气(qi4) 天気の気(キ)
汽(qi4) 汽車(きしゃ)の汽(キ) 、「汽车(qi4 che1)」は自動車","【乗り物】
《火车》(huo3 che1) 電車
《汽车》(qi4 che1) 自動車
《公共汽车》(gong1 gong4 qi4 che1) バス
《出租车》(chū zū chē) タクシー

【qiは、キ読みが多い】
《七》(qi1) 七(シチ)
《期》(qi1) 期(キ)
《妻》(qi1) 妻(サイ)
《其》(qi2) 其(キ、その、それ)
《奇》(qi2) 奇(キ)
《骑》(qi2) 騎(キ)
《起》(qi3) 起(キ)
《气》(qi4) 天気の気(キ)
《汽》(qi4) 汽車(きしゃ)の汽(キ) 、「汽车(qi4 che1)」は自動車",電車,機関車,タクシー,1
公斤,gong1 jin1,キログラム,キログラム,2,"三四公斤 3,4キログラム

会社は、公司(gong1 si1)です。

グラムは「克(kè)」だが、キログラムは「公斤(gong1 jin1)」。
さらに、「斤」だと「500g」の意味になる。紛らわしい。","《三四公斤》 3,4キログラム

会社は、《公司》(gong1 si1)です。

グラムは「《克》(kè)」だが、キログラムは「《公斤》(gong1 jin1)」。
さらに、「《斤》」だと「500g」の意味になる。紛らわしい。",キロメートル,会社,会社員,3
一斤,yi4 jin1,,500g,2,,,キログラム,キロメートル,メートル,3
公司,gong1 si1,会社,会社,2,,,学校,駅,宿舎,3
贵,gui4,高い,高い,2,"対義語の「安い」は、「便宜(pián・yi)」です。

贵(gui4) 高い
便宜(pián・yi) 安い","対義語の「安い」は、「《便宜》(pián・yi)」です。

《贵》(gui4) 高い
《便宜》(pián・yi) 安い",安い,貴社,あなた,3
过,guo4,過ぎる,過ぎる,2,,,さらに,けれど,事実,3
还,hai2,さらに,さらに,2,,,過ぎる,子供,大人,0
孩子,hai2 zi5,子供,子供,2,"子供。(大人に対する)子供、(自分の)子供、どちらの意味もあります。
儿子(er zi)は、息子の意味です。","子供。(大人に対する)子供、(自分の)子供、どちらの意味もあります。
《儿子》(er zi)は、息子の意味です。",過ぎる,さらに,隠し子,2
好吃,hao3 chi1,美味しい,美味しい(おいしい),2,好喝 (飲み物に対しての)美味しい,《好喝》 (飲み物に対しての)美味しい,マズイ,辛い,大好き,0
号,hao4,番号,【量詞】番号・順序を表す量詞,2,"三月四号 3月4日
三月四日 3月4日
号(hao4)は、口語表現。

电话号码(dian hua hao ma) 電話番号(でんわばんごう)","《三月四号》 3月4日
《三月四日》 3月4日
《号》(hao4)は、口語表現。

《电话号码》(dian hua hao ma) 電話番号(でんわばんごう)",語る,高い,安い,1
黑,hei1,黒,黒,2,黑板(hei1 ban3),《黑板》(hei1 ban3),更地(さらち),リアル,平和,3
红,hong2,赤,赤,2,"白(bai) 白(しろ・ white)
红茶(hong2 cha2) 紅茶

目が充血することを、中国語でも「红」で表現する。

【h読みするカ行は少なくない】
黑(hei1) 黒(コク)
红(hong2) 紅(コウ)","白(bai) 白(しろ・ white)
《红茶》(hong2 cha2) 紅茶

目が充血することを、中国語でも「红」で表現する。

【h読みするカ行は少なくない】
《黑》(hei1) 黒(コク)
《红》(hong2) 紅(コウ)",香港,本物,高い,1
欢迎,huan1 ying2,歓迎する,歓迎する,2,"欢迎は、歓迎の簡体字。

歓の左側は、「雚(カン)」という字の音があてられたもの。
日本語では「ノ二隹(のにどり)」だったが、中国語では「ヌ」。","《欢迎》は、歓迎の簡体字。

歓の左側は、「雚(カン)」という字の音があてられたもの。
日本語では「ノ二隹(のにどり)」だったが、中国語では「ヌ」。",感謝する,またね,嬉しい,0
回答,hui2 da2,答える,答える,2,"回答(hui2 da2) 答える
回家(hui2 jia2) 家に帰る","《回答》(hui2 da2) 答える
《回家》(hui2 jia2) 家に帰る",家に帰る,寄り道する,頭がいい,2
机场,ji1 chang3,空港,空港、飛行場,2,"飛行機が、飞机。
机が、機械の機の簡体字。
场が、場所の場の簡体字。

机场は、飞机场の略称です。
飞机场と言っても正しいです。

【しりとり】
飞机 → 机场(ji1 chang3)

【机を使う単語】
飞机(fei1 ji1) 飛行機
机场(ji1 chang3) 空港・飛行場
手机(shou3 ji1) 携帯電話
照相机(zhao4 xiang4 ji1) カメラ","飛行機が、《飞机》。
《机》が、機械の機の簡体字。
《场》が、場所の場の簡体字。

《机场》は、《飞机场》の略称です。
《飞机场》と言っても正しいです。

【しりとり】
《飞机》 → 《机场》(ji1 chang3)

【机を使う単語】
《飞机》(fei1 ji1) 飛行機
《机场》(ji1 chang3) 空港・飛行場
《手机》(shou3 ji1) 携帯電話
《照相机》(zhao4 xiang4 ji1) カメラ",非常に,飛行機,空,3
鸡,ji1,,鶏🐔,2,"鸡は、鶏の簡体字。
鸡蛋(ji1 dan4)は、ニワトリの卵。","《鸡》は、鶏の簡体字。
《鸡蛋》(ji1 dan4)は、ニワトリの卵。",馬🐴,犬🐶,ネコ😺,2
鸡蛋,ji1 dan4,卵,鶏(にわとり)の卵,2,"鸡は、鶏の簡体字。
蛋(dan4)は、卵の意味。
蛋白質(たんぱくしつ)の蛋と同じ字。

【似た漢字】
蚕(カイコ)の上は天なので、注意。

【関連語】
鸡蛋面という麺料理がある。この面が麺の簡体字。
日本語名は、「トマト卵麺」？

【しりとり】
鸡蛋 → 蛋糕(dan4 gao1) ケーキ","《鸡》は、鶏の簡体字。
《蛋》(dan4)は、卵の意味。
蛋白質(たんぱくしつ)の蛋と同じ字。

【似た漢字】
蚕(カイコ)の上は天なので、注意。

【関連語】
《鸡蛋面》という麺料理がある。この面が麺の簡体字。
日本語名は、「トマト卵麺」？

【しりとり】
《鸡蛋》 → 《蛋糕》(dan4 gao1) ケーキ",鶏肉,蚕,ケーキ,3
件,jian4,アイテム,【量詞】アイテム,2,这件衣服 この服,《这件衣服》 この服,対話,教室,紹介する,2
教室,jiao4 shi4,教室,教室,2,"【jiao】
教(jiao1→jiao4) 教(キョウ)
觉(jiao4) 覚悟の覚(カク)
叫(jiao4) 絶叫の叫(キョウ)","【jiao】
《教》(jiao1→jiao4) 教(キョウ)
《觉》(jiao4) 覚悟の覚(カク)
《叫》(jiao4) 絶叫の叫(キョウ)",写真機,お姉ちゃん,コーヒー,3
姐姐,jie3 jie5,お姉ちゃん,お姉ちゃん,2,"妹(いもうと)は、そのまま中国語で妹妹(mei mei)
母は、妈妈(ma1 ma5)","妹(いもうと)は、そのまま中国語で《妹妹》(mei mei)
母は、《妈妈》(ma1 ma5)",祖母,母親,妹,3
介绍,jie4 shao4,紹介する,紹介する,2, , ,介護する,本物,本当の,1
进,jin4,入ります,入る,2,"进は、「進」の簡体字

【声調まで同じ見た目が似た単語】
进(jin4) 入る 
近(jin4) 近い","《进》は、「進」の簡体字

【声調まで同じ見た目が似た単語】
《进》(jin4) 入る 
《近》(jin4) 近い",遠い,出る,近い,1
近,jin4,近く,近い,2,"进は、「進」の簡体字

【声調まで同じ見た目が似た単語】
进(jin4) 入る 
近(jin4) 近い","《进》は、「進」の簡体字

【声調まで同じ見た目が似た単語】
《进》(jin4) 入る 
《近》(jin4) 近い",入る,遠い,出る,1
就,jiu4,すぐに,すぐに,2,,,ゆっくりと,就活する,出る,3
觉得,jue2 de5,思う,思う,2,,,寝る,目覚める,生きる,2
咖啡,ka1 fei1,コーヒー,コーヒー,2,"カーフェイ
日本語の漢字の「珈琲」はどちらも王偏だが、中国語では口偏。
一杯咖啡 一杯のコーヒー

【飲み物】
牛奶(niu2 nai3)  牛乳
茶(cha2) お茶
咖啡(ka1 fei1) コーヒー","カーフェイ
日本語の漢字の「珈琲」はどちらも王偏だが、中国語では口偏。
《一杯咖啡》 一杯のコーヒー

【飲み物】
《牛奶》(niu2 nai3)  牛乳
《茶》(cha2) お茶
《咖啡》(ka1 fei1) コーヒー",飲む,飲み物,お茶,0
开始,kai1 shi3,始めます,始める,2,开は開の簡体字。そのままですね。,开は開の簡体字。そのままですね。,閉じる,終わらせる,終わらない,0
考试,kao3 shi4,試験,試験,2,,,勉強,先生,学校,2
可能,ke3 neng2,可能,可能性,2,,,音楽,授業,科学,3
可以,ke3 yi3,できる,〜できる,2,"【「〜できる」という能力を表す助動詞】
能
可以
会","【「〜できる」という能力を表す助動詞】
《能》
《可以》
《会》",音楽,授業,男性,2
课,ke4,レッスン,授業、レッスン,2,,,勉強,先生,学校,1
快,kuai4,速い,速い,2,"快起床把 はやくおきて
慢(man4) slow <-> 快(kuài)　速い
晚(wan3) late <->  早(zǎo)　早い　","《快起床把》 はやくおきて

【対義語】
《慢》(man4) slow <-> 《快》(kuài)　速い
《晚》(wan3) late <->  《早》(zǎo)　早い　",速度的に遅い(slow),時間的に遅い(late),早い,1
快乐,kuai4 le4,ハッピー,楽しい、ハッピー,2,"乐(lè→yuè)は、楽の旧字体です。

楽は「ラク」と「ガク」という読みがありますが、意味が異なります。
「ラク」がそのまま「楽しい」とか「簡単」で、「ガク」が「音楽」。
中国語でも、le4が楽しいで、yue4が音楽、と違いがあります。

日本語でラ行で始まるものは、rではなくlの音が使われます。
楽は「ラク」でラ行で、乐はle4なので、この法則が成り立っています。","《乐》(lè→yuè)は、楽の旧字体です。

楽は「ラク」と「ガク」という読みがありますが、意味が異なります。
「ラク」がそのまま「楽しい」とか「簡単」で、「ガク」が「音楽」。
中国語でも、le4が楽しいで、yue4が音楽、と違いがあります。

日本語でラ行で始まるものは、rではなくlの音が使われます。
楽は「ラク」でラ行で、《乐》はle4なので、この法則が成り立っています。",音楽,速い,遅い,3
累,lei4,疲れる,疲れた,2,,,嬉しい,明日,己,0
离,li2,から,【前置詞】〜から,2,,,【前置詞】に〜(対して),遠い,短い,0
两,liang3,二つ,2つ,2,"两は、「両」の簡体字。

【liang】
两(liang3) 両(リョウ)
亮(liang) 亮(リョウ)","《两》は、「両」の簡体字。

【liang】
《两》(liang3) 両(リョウ)
《亮》(liang) 亮(リョウ)",3つ,4つ,1つ,0
路,lu4,道路,道路,2,,,旅行,日本,離れる,1
旅游,lv3 you2,ツアー,旅行,2,,,買う,持つ,道,2
卖,mai4,売る,売る,2,,,買う,私の,道,2
慢,man4,遅い,速度的に遅い(slow),2,"【どちらも遅い】
慢(man4) slow <-> 快(kuài)　速い
晚(wan3) late <->  早(zǎo)　早い　","【対義語】
《慢》(man4) slow <-> 《快》(kuài)　速い
《晚》(wan3) late <->  《早》(zǎo)　早い",時間的に遅い(late),速い,早い,0
忙,mang2,忙しい,忙しい、【副詞】急いで、慌てる,2,なお、「忙」の対義語は、闲(xián)。閑散期の閑の簡体字。,なお、「《忙》」の対義語は、《闲》(xián)。閑散期の閑の簡体字。,遅い,暇(ひま),眠たい、眠る,1
每,mei3,各,各,2,"每(mei3)と毎(マイ)で、中の部分の表記が違うので注意。

每天 毎日(まいにち)
每星期一 毎週月曜日
每年 毎年(まいとし)
每人一个 1人1個","《每》(mei3)と《毎》(マイ)で、中の部分の表記が違うので注意。

《每天》 毎日(まいにち)
《每星期一》 毎週月曜日
《每年》 毎年(まいとし)
《每人一个》 1人1個",妹,明日,己,0
妹妹,mei4 mei5,妹,妹,2,"『となりのトトロ』のメイは、サツキの妹です。
4声は、怒って呼ぶような感じで。","『となりのトトロ』のメイは、サツキの妹です。
4声は、怒って呼ぶような感じで。",姉,ネコ,母親,1
门,men2,ドア,扉、ドア、Gate,2,"【余談】
门球は、ゲートボールの意味。","【余談】
《门球》は、ゲートボールの意味。",開ける,閉じる,鍵をしめる,0
男人,nan2 ren2,男,男,2,,,大丈夫,弟,連絡,2
您,nin2,あなた（敬語）,あなた（敬語）,2,,,私,兄,忍者,1
牛奶,niu2 nai3,ミルク,牛乳、ミルク,2,"【しりとり】
牛奶 → 奶奶(nai3 nai5)

【飲み物】
牛奶(niu2 nai3)  牛乳
茶(cha2) お茶
","【しりとり】
《牛奶》 → 奶奶(nai3 nai5)

【飲み物】
《牛奶》(niu2 nai3)  牛乳
《茶》(cha2) お茶
",牛、カウ,牛肉、ビーフ,牝牛(めうし)、雌牛,3
女人,nv3 ren2,女,女,2,,,妻,娘,女の子,2
旁边,pang2 bian1,隣,そば、隣,2,"旁(pang2)は、「傍ら(かたわら)」の意味。

旁は、傍観(ボウカン)の傍。","《旁》(pang2)は、「傍ら(かたわら)」の意味。

《旁》は、傍観(ボウカン)の傍。",お隣さん,浜辺,山林,3
慢跑,man4 pao3,,ジョギングする,2,"跑(pao3)に「走る」「駆ける」という意味がある。
日本語で「跑足(だくあし)」は、馬がやや速く歩くこと。

慢は、「速さが遅い(slow)」という意味。
漫画の漫はさんずいだが、慢は心を意味するりっしんべん。","《跑》(pao3)に「走る」「駆ける」という意味がある。
日本語で「跑足(だくあし)」は、馬がやや速く歩くこと。

《慢》は、「速さが遅い(slow)」という意味。
漫画の漫はさんずいだが、慢は心を意味するりっしんべん。",のろまだ,重たいカバン,漫画,0
跑步,pao3 bu4,ジョギング,走る、ランニングする,2,"跑(pao3)に「走る」「駆ける」という意味がある。
日本語で「跑足(だくあし)」は、馬がやや速く歩くこと。

日本語の「歩」より1画少ないので注意！
中国語の「步」は、進捗の捗の右の部分と同じです。","《跑》(pao3)に「走る」「駆ける」という意味がある。
日本語で「跑足(だくあし)」は、馬がやや速く歩くこと。

日本語の「歩」より1画少ないので注意！
中国語の「《步》」は、進捗の捗の右の部分と同じです。",散歩する,買い物に行く,海に行く,3
便宜,pian2 yi5,安い,安い,2,,,便利,値段が高い,背丈が低い,3
票,piao4,チケット,切符、乗車券、チケット,2,,,写真,カメラ、写真機,魚,0
妻子,qi1 zi5,妻,妻,2,"発音は「チーズ」に近い。
なお、食べ物のチーズは、中国語で「奶酪」「芝士」「起司」などと書く。

【qi】
七(qi1) 七(シチ)
期(qi1) 期(キ)
妻(qi1) 妻(サイ)
其(qi2) 其(キ、その、それ)
奇(qi2)
骑(qi2)
起(qi3)
气(qi4)
汽(qi4)","発音は「チーズ」に近い。
なお、食べ物のチーズは、中国語で「《奶酪》」「《芝士》」「《起司》」などと書く。

【qi】
《七》(qi1) 七(シチ)
《期》(qi1) 期(キ)
《妻》(qi1) 妻(サイ)
《其》(qi2) 其(キ、その、それ)
《奇》(qi2)
《骑》(qi2)
《起》(qi3)
《气》(qi4)
《汽》(qi4)",鼻,チーズ,乗る,0
起床,qi3 chuang2,起きる,起きる,2,快起床把 はやくおきて,《快起床把》 はやくおきて,眠る,チーズ,乗る,0
快起床！,kuai4 qi3 chuang2,,早く起きて、早く目を覚ます,2,"起床が起きるという動詞。
「早」ではなく、「快」を使う点に注意。
「快適」の意味ではなく「快速」の意味。

中国の一般的には
慢(man4) slow <-> 快(kuài)　速い
晚(wan3) late <->  早(zǎo)　早い　","《起床》が起きるという動詞。
「《早》」ではなく、「《快》」を使う点に注意。
「快適(かいてき)」の意味ではなく「快速(かいそく)」の意味。

中国の一般的には
《慢》(man4) slow <-> 《快》(kuài)　速い
《晚》(wan3) late <->  《早》(zǎo)　早い　",気持ちよく起きて,よく寝て,早く寝て,1
千,qian1,千,千,2,"発音は「チエン」に近い

【qian】
千(qian1)
前(qian2)
钱(qian2)","発音は「チエン」に近い

【qian】
《千》(qian1)
《前》(qian2)
《钱》(qian2)",万,一,百,0
晴,qing2,明確な,晴れている,2,,,曇り,雨,明後日,1
天晴,tian1 qing2,,【動詞】(空が)晴れる,2,"天晴了。空が晴れた
「晴天(qing2 tian1)」だと、「晴れた天気」という意味の名詞。","《天晴了》。空が晴れた
「《晴天》(qing2 tian1)」だと、「晴れた天気」という意味の名詞。",【名詞】晴れた天気,【形容詞】晴れている,わかる,1
去年,qu4 nian2,昨年,去年(きょねん)・昨年(さくねん)・前年(ぜんねん),2,"昨日(きのう)は、昨天(zuo tian)
去年(きょねん)・昨年(さくねん)・前年(ぜんねん)は、去年(qu4 nian2)

なお、一昨年(おととし)は、中国語で「前年(qian2 nian2)」。
「前年」は日本語と中国語で意味が異なるので、要注意。","昨日(きのう)は、《昨天》(zuo tian)
去年(きょねん)・昨年(さくねん)・前年(ぜんねん)は、《去年》(qu4 nian2)

なお、一昨年(おととし)は、中国語で「《前年》(qian2 nian2)」。
「前年」は日本語と中国語で意味が異なるので、要注意。",来年,今,今年,1
让,rang4,させる,させる,2,「譲」の簡体字。,「譲」の簡体字。,やめる,戻る,話す,0
上班,shang4 ban1,出勤する,出勤する,2,,,家に帰る,退勤する,戻る,0
身体,shen1 ti3,ボディ,身体・体,2,,,色,音,顔,3
生病,sheng1 bing4,病気になる,病気になる,2,,,誕生日,学生,元気になる,2
生日,sheng1 ri4,誕生日,誕生日,2,明天是我的生日 明日は、私の誕生日です。,《明天是我的生日》 明日は、私の誕生日です。,病気になる,学生,日がでる,3
生日快乐!,sheng1 ri4 kuai4 le4,,誕生日おめでとう!、ハッピーバースデー！,2,"生日(sheng1 ri4)が、誕生日
快乐(kuai4 le4)が、楽しい(Happy)という意味。","《生日》(sheng1 ri4)が、誕生日
《快乐》(kuai4 le4)が、楽しい(Happy)という意味。",メリークリスマス,クリスマスプレゼント,誕生日プレゼント,0
生日礼物,sheng1 ri4 li3 wu4,,誕生日プレゼント,2,"生日(sheng1 ri4)が、誕生日
礼物(li3 wu4)が、プレゼントという意味。","《生日》(sheng1 ri4)が、誕生日
《礼物》(li3 wu4)が、プレゼントという意味。",クリスマスプレゼント,誕生日おめでとう!,メリークリスマス,0
时间,shi2 jian1,時間,時間,2,"【関連語】
时候(shi2 hou5)
什么时候(shen2 me5 shi2 hou5)","【関連語】
《时候》(shi2 hou5)
《什么时候》(shen2 me5 shi2 hou5)",誕生日,月,肘掛け,0
事情,shi4 qing2,事,事,2,这件事情 この件,《这件事情》 この件,人間,来世,性別,2
手表,shou3 biao3,腕時計,腕時計,2,"手表(shou3 biao3) 腕時計
手机(shou3 ji1) 携帯電話
挂钟 掛け時計
座钟 置き時計
闹钟 目覚まし時計

机は、機の簡体字。","《手表》(shou3 biao3) 腕時計
《手机》(shou3 ji1) 携帯電話
《挂钟》 掛け時計
《座钟》 置き時計
《闹钟》 目覚まし時計

《机》は、機の簡体字。",置き時計,カレンダー,携帯電話,2
手机,shou3 ji1,携帯電話,携帯電話,2,"手机(shou3 ji1)が、障子(しょうじ)に聞こえる

【机を使う単語】
飞机(fei1 ji1) 飛行機
机场(ji1 chang3) 空港・飛行場
手机(shou3 ji1) 携帯電話
照相机(zhao4 xiang4 ji1) カメラ","《手机》(shou3 ji1)が、障子(しょうじ)に聞こえる

【机を使う単語】
《飞机》(fei1 ji1) 飛行機
《机场》(ji1 chang3) 空港・飛行場
《手机》(shou3 ji1) 携帯電話
《照相机》(zhao4 xiang4 ji1) カメラ",腕時計,パソコン,デスク,0
送,song4,運ぶ,届ける、贈る,2,HSK3級 送給我女儿 私の子に送ります。,HSK3級 《送給我女儿》 私の子に送ります。,帰る,勝つ,負ける,0
所以,suo3 yi3,だから,だから,2,"所以(ゆえん)

日本語と中国語で「所」の表記が異なるので注意。","《所以》(ゆえん)

日本語と中国語で「所」の表記が異なるので注意。",しかしながら,思うに,弁える(わきまえる),2
它,ta1,それは,それ,2,他(ta1)と她(ta1)で発音が同じなので注意。,《他》(ta1)と《她》(ta1)で発音が同じなので注意。,彼,彼女,カレンダー,3
踢足球,ti1 zu2 qiu2,サッカーをする,サッカーをする,2,"踢(ti1)が、「蹴る」という意味の動詞です。
踢足球(ti1 zu2 qiu2) サッカーをする
打篮球(da3 lan2 qiu2) バスケをする","《踢》(ti1)が、「蹴る」という意味の動詞です。
《踢足球》(ti1 zu2 qiu2) サッカーをする
《打篮球》(da3 lan2 qiu2) バスケをする",バスケットボールをする,電話をする,タクシーに乗る,1
题,ti2,タイトル,問題,2,做题(zuo4 ti2) 問題を解く,《做题》(zuo4 ti2) 問題を解く,蹴る,話題,カレンダー,0
做题,zuo4 ti2,,問題を解く,2,"题(ti2)が、問題の意味。
做(zuo4)が、「する」という動詞。
合わさって、「問題を解く」という意味になる。","《题》(ti2)が、問題の意味。
《做》(zuo4)が、「する」という動詞。
合わさって、「問題を解く」という意味になる。",題名をつける,話題を提供する,問題を出題する,2
跳舞,tiao4 wu3,ダンス,踊る(おどる),2,跳躍(ちょうやく)の跳,跳躍(ちょうやく)の跳,蹴り飛ばす,殴り飛ばす,酔っ払う,1
外,wai4,外,外,2,,,内,中,気弱,2
完,wan2,完成する,完了する,2,HSK3級 完成(wan2 cheng2) 完成させる。,HSK3級 《完成》(wan2 cheng2) 完成させる。,遊ぶ,暗い,外,1
玩,wan2,遊ぶ,遊ぶ,2,,,完成させる,暗い,外,0
晚上,wan3 shang5,夜,夜,2,"早上(zao3 shang5) 朝
晚上(wan3 shang5) 夜

上午(shang wu3) 午前
中午(zhong wu3) 正午
下午(xia4 wu3) 午後","《早上》(zao3 shang5) 朝
《晚上》(wan3 shang5) 夜

《上午》(shang wu3) 午前
《中午》(zhong wu3) 正午
《下午》(xia4 wu3) 午後",朝,午前,午後,3
为什么,wei4 shen2 me5,なぜ,なぜ,2,"什么(shen2 me5) 何 What
为什么(wei4 shen2 me5) 何故 Why
什么时候(shen2 me5 shi2 hou5) いつ When
哪儿(na3 r5) どこで Where
谁(shei2) 誰 Who","《什么》(shen2 me5) 何 What
《为什么》(wei4 shen2 me5) 何故 Why
《什么时候》(shen2 me5 shi2 hou5) いつ When
《哪儿》(na3 r5) どこで Where
《谁》(shei2) 誰 Who",どこで,誰,何,2
问,wen4,問う,問う,2,,,回答する,解決する,発射する,2
问题,wen4 ti2,問題,問題,2,问(wen4)が、「問う」という意味の漢字。,《问》(wen4)が、「問う」という意味の漢字。,絶望,希望,回避,2
西瓜,xi1 gua1,スイカ,スイカ,2,"日本語でもスイカは漢字で「西瓜」と書きます。

【果物】
西瓜(xi1 gua1) スイカ(西瓜)
苹果(ping2 guo3) リンゴ(林檎)
香蕉(xiang1 jiao1) バナナ(甘蕉、実芭蕉)
葡萄(pu2 tao5) ブドウ(葡萄)","日本語でもスイカは漢字で「西瓜」と書きます。

【果物】
《西瓜》(xi1 gua1) スイカ(西瓜)
《苹果》(ping2 guo3) リンゴ(林檎)
《香蕉》(xiang1 jiao1) バナナ(甘蕉、実芭蕉)
《葡萄》(pu2 tao5) ブドウ(葡萄)",リンゴ,バナナ,ブドウ,2
希望,xi1 wang4,望む,望む,2,喜欢(xi huan),《喜欢》(xi huan),大好き,嫌い,絶望,0
洗,xi3,洗う,洗う,2,,,こする,叩く,打つ,2
向,xiang4,へ,【前置詞】〜へ、〜に,2,,,【前置詞】に〜(対して),【前置詞】〜に・〜へ、〜まで,対向車線,3
小时,xiao3 shi2,時間,時間(1時間),2,,,肘,時刻,きっかけ,0
笑,xiao4,笑う,笑う,2,,,怒る,泣く,打つ,2
笑一笑,xiao4 yi xiao4,,ちょっと笑ってみて,2,"カメラマンが笑って欲しい被写体に頼むようなときに使うフレーズ。
笑(xiao4)のように1文字の動詞のとき、
一(yi)を挟むような形で「V + 一 + V」で、
語気が和らいで「ちょっとVする」「ちょっとVして」という意味になる。
このときの一は軽声で、2文字以上の動詞が一を挟むことはない。","カメラマンが笑って欲しい被写体に頼むようなときに使うフレーズ。
笑(xiao4)のように1文字の動詞のとき、
一(yi)を挟むような形で「V + 一 + V」で、
語気が和らいで「ちょっとVする」「ちょっとVして」という意味になる。
このときの一は軽声で、2文字以上の動詞が一を挟むことはない。",どっと笑いが起きる,笑いますか,あまり笑わない,0
我笑着说,wo3 xiao4 zhe shuo1,,私は笑いながら喋る,2,「動詞V1 + 着 + 動詞V2」で、「V1しながらV2する」「V1してV2する」という意味になる。,「動詞V1 + 着 + 動詞V2」で、「V1しながらV2する」「V1してV2する」という意味になる。,私は笑わせようと喋る,私は笑わないように喋る,私は笑いすぎて話せない,3
新,xin1,新しい,新しい,2,,,古い,泣く,手紙,0
姓,xing4,姓,姓、私の姓は〜です,2,,,名前,雪,休止,3
休息,xiu1 xi5,休息,休息,2,,,祝日,急死,人間,2
雪,xue3,雪,雪,2,,,雨,晴れ,寒い,2
颜色,yan2 se4,色,色,2,「顔色(かおいろ)」という意味ではないので、注意！,「顔色(かおいろ)」という意味ではないので、注意！,目,顔,唇(くちびる),3
眼睛,yan3 jing5,目,目,2,"「眼镜(yǎnjìng)」とは、声調違いで音が同じ。
「眼鏡(メガネ)」は、「眼镜(yǎnjìng)」で、そのまま。

眼睛(yan3 jing5) 目
眼镜(yan3 jing4) メガネ","「《眼镜》(yǎnjìng)」とは、声調違いで音が同じ。
「《眼鏡》(メガネ)」は、「眼镜(yǎnjìng)」で、そのまま。

《眼睛》(yan3 jing5) 目
《眼镜》(yan3 jing4) メガネ",顔,眼帯,メガネ,1
羊肉,yang2 rou4,羊肉,羊肉,2,そのまま羊の肉。,そのまま羊の肉。,馬肉,鶏肉,牛肉,2
药,yao4,薬,薬,2,薬の簡体字。,薬の簡体字。,雑草,約分する,野菜,0
要,yao1,要求する,【助動詞】〜しなければならない・〜する必要がある,2,,,会う,帰る,戦う,2
也,ye3,さらに,"もまた(also, too)",2,,,したがって,他人,彼,3
已经,yi3 jing1,既に,既に,2,"【しりとり】
已经→经常(jīngcháng1)","【しりとり】
《已经》→《经常》(jīngcháng1)",常に,特別に,一般的には,2
一起,yi4 qi3,一緒に,一緒に,2,,,起き上がる,起きる,起こす,3
意思,yi4 si5,意味,意味,2,,,意識,意外,静けさ,1
阴,yin1,陰,(空が)曇る、陰,2,"阴は、陰の簡体字。

【例文】
天阴了(tian1 yin1 le)。(空が)曇った。","《阴》は、陰の簡体字。

【例文】
《天阴了》(tian1 yin1 le)。(空が)曇った。",月,太陽,カレンダー,2
因为,yin1 wei4,なぜなら,なぜなら,2,"原因の因
为什么の为(為)","原因の因
《为什么》の《为》(為)",また,誰であっても,一般的にいえば,3
游泳,you2 yong3,泳ぐ,泳ぐ,2,"日本語で「泳」は、エイ・およ(ぐ)。
日本語では「遊泳／游泳」で「ユウエイ」と読む。","日本語で「泳」は、エイ・およ(ぐ)。
日本語では「遊泳／游泳」で「ユウエイ」と読む。",叫ぶ,走る,旅行する,1
右边,you4 bian5,右,右,2,"中国語の「边(bian1)」は「力」で、
日本語の「辺(ヘン)」は「刀」で、
微妙に表記が異なっている点に注意。

上下左右前后里外东南西北旁は、単純方位詞","中国語の「《边》(bian1)」は「力」で、
日本語の「辺(ヘン)」は「刀」で、
微妙に表記が異なっている点に注意。

《上下左右前后里外东南西北旁》は、単純方位詞",左,右にでるものはいない,下,2
鱼,yu2,魚,魚,2,,,鳥,馬,安い,1
元,yuan2,中国のお金の単位,中国のお金の単位,2,"【yuan】
元 yuan2 中国元(ゲン)
远 yuan3 遠い","【yuan】
《元》 yuan2 中国元(ゲン)
《远》 yuan3 遠い",遠い,魚,習慣,0
远,yuan3,遠い,遠い,2,,,中国元,運動,魚,1
运动,yun4 dong4,運動,運動,2,远(yuan3)は、遠いを意味する単語。,《远》(yuan3)は、遠いを意味する単語。,中国元,遠い,魚,2
再,zai4,再び,再び,2,,,おはよう,学校,フォーク,0
早上,zao3 shang5,朝,朝,2,"【対義語】
晚上(wan shang, 夜)が対義語。","【対義語】
《晚上》(wan shang, 夜)が対義語。",夜,午前,午後,2
张,zhang1,枚,【量詞】枚,2,张は、中国で3番目に多い苗字でもある。,《张》は、中国で3番目に多い苗字でもある。,バスケットボールをする,サッカーをする,割る,3
丈夫,zhang4 fu5,夫,夫,2,,,女優,俳優,筋肉,1
找,zhao3,探す,探す,2,"找不到 探してみつからない。
找没到 探して見つからなかった。

倒は、結果補語で、見つかることを意味する。

伐採(バッサイ)の伐の右の部分が同じ。
戈(ほこづくり・ほこがまえ)という。
戦、遊戯の戯の右の部分とも同じ。","《找不到》 探してみつからない。
《找没到》 探して見つからなかった。

《倒》は、結果補語で、見つかることを意味する。

伐採(バッサイ)の伐の右の部分が同じ。
戈(ほこづくり・ほこがまえ)という。
戦、遊戯の戯の右の部分とも同じ。",蹴る,打つ,倒す,2
着,zhe5,着る,着く,2,"着く(zhāo → zháo,・zhe,zhuó)","着く(zhāo → zháo,・zhe,zhuó)",導く,促す,笑う,0
真,zhen1,本当に,本当に,2,"中国語と日本語で、真の字の書き方が違うので注意。
もしかしたら、フォントシステムの問題で、正しい表記になっていないかもしれません。

真对不起 zhen1 dui4 bu5 qi3
本当にすみません","中国語と日本語で、真の字の書き方が違うので注意。
もしかしたら、フォントシステムの問題で、正しい表記になっていないかもしれません。

《真对不起》 zhen1 dui4 bu5 qi3
本当にすみません",わからない,正面,しかし,2
正在,zheng4 zai4,している,している,2,现在(xian4 zai4)と声調が同じ。,《现在》(xian4 zai4)と声調が同じ。,洗剤,現在,しかし,3
知道,zhi1 dao5,知っている,知っている,2,,,先生,教師,自転車,1
准备,zhun3 bei4,準備をする,準備をする,2,「准备」は、それぞれ「準備」の簡体字。,「《准备》」は、それぞれ「準備」の簡体字。,促す,億劫,歩く,3
自行车,zi4 xing2 che1,自転車,自転車,2,,,タクシー,電車,自動車,2
走,zou3,歩く,歩く,2,日本語の「走る」は、跑(pao3)。,日本語の「走る」は、《跑》(pao3)。,走る,逃げる,退避する,2
最,zui4,最も,最も,2,,,最後,しかし,新しくする,1
左边,zuo3 bian5,左,左,2,中国語の「边(bian1)」は「力」で、日本語の「辺(ヘン)」は「刀」で、微妙に表記が異なっている点に注意。,中国語の「《边》(bian1)」は「力」で、日本語の「辺(ヘン)」は「刀」で、微妙に表記が異なっている点に注意。,左遷,上,下,0
阿姨,a1 yi2,おばさん,おばさん,3,,,おじいさん,アイヌ人,愛する,3
啊,a5,ああ,ああ,3,,,バナナ,呼吸,息,3
矮,ai3,短い,(背丈が)低い,3,"矮(ai3)  人間・イス・建物・木などの背丈が低いこと
高(gao1)  人間・イス・建物・木などの背丈が高いこと","《矮》(ai3)  人間・イス・建物・木などの背丈が低いこと
《高》(gao1)  人間・イス・建物・木などの背丈が高いこと",背丈が高い,貧しい,安い,0
爱好,ai4 hao4,趣味,好む・趣味,3,「好」が3声じゃなくて4声の異音字。,「《好》」が3声じゃなくて4声の異音字。,嫌い,おもちゃ,先祖,1
安静,an1 jing4,静かな,静かな,3,,,安産,安い,冷静,2
把,ba3,を,を,3,,,分ける,把握する,掴む,3
班,ban1,クラス,クラス,3,,,ワイン,群衆,みなさん,0
搬,ban1,動く,(家具など重たいものを)運ぶ、動かす,3,,,半分,クラス,死体,2
半,ban4,半分,半分,3,,,運搬する,クラス,仕事,0
办法,ban4 fa3,方法,方法,3,法国(fa3 guo2)は、フランス,《法国》(fa3 guo2)は、フランス,法律,裁判官,弁護士,2
办公室,ban4 gong1 shi4,オフィス,オフィス,3,,,校長,弁護士,市長,1
帮忙,bang1 mang2,助ける,助ける,3,"帮忙(bang1 mang2)
帮助(bang1 zhu4)

帮忙は、忙が目的語の離合詞のため、さらに目的語はつけれません。

離合詞とは、「動詞+名詞(目的語)」が、1つの動詞のように振る舞っているもの。","《帮忙》(bang1 mang2)
《帮助》(bang1 zhu4)

《帮忙》は、《忙》が目的語の離合詞のため、さらに目的語はつけれません。

離合詞とは、「動詞+名詞(目的語)」が、1つの動詞のように振る舞っているもの。",希望,絶望,探偵,2
包,bao1,包む,包む,3,"包(bao1) 包む
饱(bao3) 満腹だ","《包》(bao1) 包む
《饱》(bao3) 満腹だ",開ける,満腹だ,空腹だ,3
饱,bao3,満腹,満腹だ,3,饿(e4)↔饱(bao3),《饿》(e4)↔《饱》(bao3),空腹だ,包む,伝える,3
北方,bei3 fang1,北,北,3,"東方
西方
南方

【方はfangと読む】
方(fang1) 方角の方(ホウ)
房(fang2) 厨房の房(ボウ)
放(fang4) 放出の放(ホウ)","《東方》
《西方》
《南方》

【方はfangと読む】
《方》(fang1) 方角の方(ホウ)
《房》(fang2) 厨房の房(ボウ)
《放》(fang4) 放出の放(ホウ)",被る,コップ,米軍,3
被,bei4,によって,によって,3,,,けれど,被害者,弁護士,0
鼻子,bi2 zi5,鼻,鼻,3,"フォントのシステムの関係で正しく表示されてないかもしれないが、
日本語と中国語で「鼻」の表記が少し違う。

「鼻炎(ビエン)」「耳鼻科(ジビカ)」の鼻(ビ)と似た発音なので、覚えやすいかもしれない","フォントのシステムの関係で正しく表示されてないかもしれないが、
日本語と中国語で「鼻」の表記が少し違う。

「鼻炎(ビエン)」「耳鼻科(ジビカ)」の鼻(ビ)と似た発音なので、覚えやすいかもしれない",妻,靴,耳,0
比较,bi3 jiao4,比較する,比較する、【前置詞】〜に比べて、【副詞】比較的,3,動詞、前置詞、副詞と幅広く使うので、注意。,動詞、前置詞、副詞と幅広く使うので、注意。,試合、競技,残酷な,イケメン,3
比赛,bi3 sai4,試合,試合、競技,3,,,残酷な,イケメン,比較する、【前置詞】〜に比べて、【副詞】比較的,3
必须,bi4 xu1,しなければならない,【助動詞】必ず〜しなければならない,3,,,急須,必然性,【助動詞】絶対に〜するな,0
变化,bian4 hua4,変化,変化、変化する,3,日本語の「変」の字と下の部分が異なるので、注意。,日本語の「変」の字と下の部分が異なるので、注意。,東北,冷蔵庫,他人,1
表示,biao3 shi4,表現する,表明する、表現する、言動,3,"表示(biao3 shi4) 表明する、表現する、言動
表演(biao3 yan3) 演じる、上演する","《表示》(biao3 shi4) 表明する、表現する、言動
《表演》(biao3 yan3) 演じる、上演する",演じる、上演する,思う,感じる,3
表演,biao3 yan3,演じる,演じる、上演する,3,"表示(biao3 shi4) 表明する、表現する、言動
表演(biao3 yan3) 演じる、上演する","《表示》(biao3 shi4) 表明する、表現する、言動
《表演》(biao3 yan3) 演じる、上演する",表明する、表現する、言動,思う,感じる,1
别人,bie2 ren2,人,他人,3,,,イケメン,離婚,破局,0
宾馆,bin1 guan3,ゲストハウス,ホテル,3,"这家宾馆房间 このホテルの部屋

宾は、来賓(らいひん)や国賓(こくひん)の賓の簡体字。
高級なホテル","《这家宾馆房间》 このホテルの部屋

《宾》は、来賓(らいひん)や国賓(こくひん)の賓の簡体字。
高級なホテル",徴兵,戦場,作戦会議,1
冰箱,bing1 xiang1,冷蔵庫,冷蔵庫,3,"冰箱は、电冰箱の略語。
冰咖啡 アイスコーヒー","《冰箱》は、电冰箱の略語。
《冰咖啡》 アイスコーヒー",ゴミ箱,パソコン,ケータイ,3
才,cai2,だけ,だけ,3,"発音は、カイではなくツァイに近い

【cai】
才(cai2) 才能の才(サイ)
菜(cai4) 野菜の菜(サイ)","発音は、カイではなくツァイに近い

【cai】
《才》(cai2) 才能の才(サイ)
《菜》(cai4) 野菜の菜(サイ)",映画館,天女,神様,0
菜单,cai4 dan1,メニュー,メニュー,3,,,時刻表,スケジュール,パソコン,1
参加,can1 jia1,参加する,参加する,3,,,集める,罵る,戸惑う,0
草,cao3,草,草,3,発音は、カオではなくツァオに近い,発音は、カオではなくツァオに近い,薬剤,雄叫び,弱い,3
层,ceng2,層、階,層、階,3,"層の簡体字。
三层 3階","《層》の簡体字。
三层 3階",高層マンション,スーパーマーケット,手紙,0
差,cha4,違い,違い・差(difference),3,"六点差一刻
差一刻六点
5:45 (6時まであと15分)","《六点差一刻》
《差一刻六点》
5:45 (6時まであと15分)",ゲーム,打つ,蹴る,1
超市,chao1 shi4,スーパーマーケット,スーパーマーケット,3,"超市(chao1 shi4) スーパーマーケット
城市(cheng2 shi4) 都市","《超市》(chao1 shi4) スーパーマーケット
《城市》(cheng2 shi4) 都市",スーパーマン,犯罪者,市長,0
衬衫,chen4 shan1,シャツ,シャツ,3,"衬は、襯(はだぎ・シン)という漢字の簡体字。
衫も「はだぎ」と読む字。音読みは「サン」

日本語で実は「はだぎ」と読む字はたくさんある。","《衬》は、襯(はだぎ・シン)という漢字の簡体字。
衫も「はだぎ」と読む字。音読みは「サン」

日本語で実は「はだぎ」と読む字はたくさんある。",スカート,ズボン,メガネ,3
成绩,cheng2 ji4,成績,成績,3,"【成】
成(cheng2)
城(cheng2)","【《成》】
《成》(cheng2)
《城》(cheng2)",時刻表,成長,思春期,2
城市,cheng2 shi4,街,都市、街,3,"超市(chao1 shi4) スーパーマーケット
城市(cheng2 shi4) 都市","《超市》(chao1 shi4) スーパーマーケット
《城市》(cheng2 shi4) 都市",スーパーマーケット,田舎,昔,0
迟到,chi2 dao4,送れる,遅れる,3,"迟は、遅の簡体字。繁体字だと、遲。
迟到了。遅刻した。","《迟》は、遅の簡体字。繁体字だと、遲。
《迟到了》。遅刻した。",早く着く,沢に到着する,倒れる,1
出现,chu1 xian4,現れる,現れる,3,,,わからない,戸惑う,出身,2
厨房,chu2 fang2,キッチン,キッチン,3,"房间(fang2 jian1) 部屋
厨房(chu2 fang2) キッチン、厨房(ちゅうぼう)

【方はfangと読む】
方(fang1) 方角の方(ホウ)
房(fang2) 厨房の房(ボウ)
放(fang4) 放出の放(ホウ)","《房间》(fang2 jian1) 部屋
《厨房》(chu2 fang2) キッチン、厨房(ちゅうぼう)

【方はfangと読む】
《方》(fang1) 方角の方(ホウ)
《房》(fang2) 厨房の房(ボウ)
《放》(fang4) 放出の放(ホウ)",トイレ,中学生,房间,1
除了,chu2 le5,以外,【前置詞】〜を除いて,3,,,【前置詞】〜を含めて,除く,含む,1
春,chun1,春,春,3,,,夏,秋,冬,1
词语,ci2 yu3,用語,単語、字句,3,,,枕,アジア,俳句,3
聪明,cong1 ming5,賢い,賢い、聡明だ,3,明年,《明年》,耳や目がいい、耳や目の能力が高い,ポジティブ、明るい,美人,3
打扫,da3 sao3,掃除する,掃除する,3,"扫は、掃の簡体字。

【簡体字】
掃 → 扫
復 → 复
習 → 习","《扫》は、掃の簡体字。

【日本の漢字 → 簡体字】
掃 → 《扫》
復 → 《复》
習 → 《习》",打ち返す,そばを作る,うどんを作る,1
打算,da3 suan,する予定,予定・〜するつもりである,3,算段をつける,算段をつける,暗算,算数を勉強する,数学で勝つ,2
带,dai4,持って,持っていく、身につける、【量詞】筋・本,3,,,ベルトコンベア,大陸,鉄道,3
担心,dan1 xin1,心配,心配する,3,"不用担心(bu2 yong4 dan1 xin1)
心配しないで
不用は副詞で「〜する必要はない」

担心(dan1 xin1) 心配する
小心(xiao3 xin1) 気をつける、注意深い
关心(guan1 xin1) 関心を持つ、気に留める
放心(fang4 xin1) 安心する","《不用担心》(bu2 yong4 dan1 xin1)
心配しないで
《不用》は副詞で「〜する必要はない」

《担心》(dan1 xin1) 心配する
《小心》(xiao3 xin1) 気をつける、注意深い
《关心》(guan1 xin1) 関心を持つ、気に留める
《放心》(fang4 xin1) 安心する",安心する,関心を持つ、気に留める,疑い深い,2
蛋糕,dan4 gao1,ケーキ,ケーキ,3,"蛋(dan4)は、卵の意味。
蛋白質(たんぱくしつ)の蛋と同じ字。
卵の主な成分は、蛋白質と脂肪で、炭水化物はほとんどなし。
蛋(タン)と蚕(カイコ)は似ているが、上部が異なる。

糕は、珍楚糕(ちんすこう)の糕(こなもち)。
珍楚糕(ちんすこう)は、沖縄の名産。

【しりとり】
鸡蛋 → 蛋糕(dan4 gao1) ケーキ","《蛋》(dan4)は、卵の意味。
蛋白質(たんぱくしつ)の蛋と同じ字。
卵の主な成分は、蛋白質と脂肪で、炭水化物はほとんどなし。
蛋(タン)と蚕(カイコ)は似ているが、上部が異なる。

糕は、珍楚糕(ちんすこう)の糕(こなもち)。
珍楚糕(ちんすこう)は、沖縄の名産。

【しりとり】
《鸡蛋》 → 《蛋糕》(dan4 gao1) ケーキ",繭(まゆ),蚕の巣,月餅,0
当然,dang1 ran2,勿論,当然だ、【副詞】当然,3,"突然(tu ran)

【エンで終わる漢字】
日本語の音読みで「eン(エン)」で読む単語は、中国語のピンインで「-ian」や「-üan」で終わることが多い。
见(jiàn) 見(ケン)
面(miàn) 面(メン)
前(qián) 前(ゼン)
天(tian1) 天(テン)
点(dian3) 点(テン)

その例外の1つが、然。
然(ran2) 然(ゼン・ネン)","《突然》(tu ran)

【エンで終わる漢字】
日本語の音読みで「eン(エン)」で読む単語は、中国語のピンインで「-ian」や「-üan」で終わることが多い。
《见》(jiàn) 見(ケン)
《面》(miàn) 面(メン)
《前》(qián) 前(ゼン)
《天》(tian1) 天(テン)
《点》(dian3) 点(テン)

その例外の1つが、然。
《然》(ran2) 然(ゼン・ネン)",自然だ、【副詞】自然に,当番,天然,1
地,de5,地面,地面,3,,,地下トンネル,地下闘技場,地獄,2
灯,deng1,ライト,ライト,3,,,トンネル,お手洗い,バナナ,0
低,di1,低い,低い,3,,,背丈が小さい,天気,馬,0
地方,di4 fang1,場所,場所,3,北方、南方,《北方》、《南方》,田舎,サバイバル,お手洗い,3
地铁,di4 tie3,地下鉄,地下鉄,3,"【乗り物】
地铁(di4 tie3)","【乗り物】
《地铁》(di4 tie3)",バス,タクシー,新幹線,1
地图,di4 tu2,マップ,地図,3,"地图は地図。
図書館は、图书馆(tu shu guan)。","《地图》(di4 tu2)は地図。
図書館は、《图书馆》(tu shu guan)。",古本屋,地下アイドル,屯田兵,0
电梯,dian4 ti1,エレベーター,エレベーター,3,"电は、電の簡体字。
梯は、「はしご」や「階段」を意味する。
日本語で梯は「テイ」「タイ」「はしご」と読む。
雲梯(うんてい)

【ti】
梯(ti1) 雲梯の梯(テイ)、タイ
踢(ti1) -
提(ti2) 提出の提(テイ)
题(ti2) ダイ
体(ti3) 体育の体(タイ)","《电》は、電の簡体字。
《梯》は、「はしご」や「階段」を意味する。
日本語で梯は「テイ」「タイ」「はしご」と読む。
雲梯(うんてい)

【ti】
《梯》(ti1) 雲梯の梯(テイ)、タイ
《踢》(ti1) -
《提》(ti2) 提出の提(テイ)
《题》(ti2) ダイ
《体》(ti3) 体育の体(タイ)",地獄,階段,はしご,3
电子邮件,dian4 zi3 you2 jian4,Eメール,Eメール,3,,,ケータイ,パソコン,電車,3
东,dong1,東,東,3,東京は、东京(dong jing)でした。,東京は、东京(dong jing)でした。,西,東京,置き時計,1
冬,dong1,冬,冬,3,,,秋,夏,春,3
动物,dong4 wu4,動物,動物,3,,,運動,面倒,動力,3
短,duan3,短い,短い,3,,,遅い,背丈が小さい,牛,1
段,duan4,セクション,【量詞】区切りを数える,3,,,【量詞】歩数を数える。一歩、二歩。,長い,背丈が小さい,0
锻炼,duan4 lian4,エクササイズ,鍛える(きたえる),3,鍛える(きたえる),鍛える(きたえる),短い,長い,魔法,1
多么,duo1 me5,どのように,どのくらい,3,,,誰が,なぜ,もっともっと,3
饿,e4,空腹,空腹だ・お腹が空いた,3,饿(e4)↔饱(bao3),《饿》(e4)↔《饱》(bao3),満腹だ,億劫,歩く,2
而且,er2 qie3,さらに,【接続詞】かつ、さらに,3,,,【接続詞】けれども,【接続詞】だから,【接続詞】ゆえに,1
耳朵,er3 duo5,耳,耳,3,,,鼻,逃げる,退避する,1
发烧,fa1 shao1,熱,熱が出る、熱がある,3,"发起烧来 熱がではじめる
有点儿发烧 ちょっと熱がある","《发起烧来》 熱がではじめる
《有点儿发烧》 ちょっと熱がある",最後,しかし,新しくする,0
发现,fa1 xian4,発見,発見、発見する,3,发は、發の簡体字で、発と同じ意味。,《发》は、發の簡体字で、発と同じ意味。,研究する,探求する,散髪する,3
方便,fang1 bian4,便利,便利,3,,,おじいさん,安い,愛する,1
放,fang4,離す,離す,3,,,バナナ,呼吸,息,0
放心,fang4 xin1,安心して,安心する,3,"担心(dan1 xin1) 心配する
小心(xiao3 xin1) 気をつける、注意深い
关心(guan1 xin1) 関心を持つ、気に留める
放心(fang4 xin1) 安心する","《担心》(dan1 xin1) 心配する
《小心》(xiao3 xin1) 気をつける、注意深い
《关心》(guan1 xin1) 関心を持つ、気に留める
《放心》(fang4 xin1) 安心する",心配する,気をつける、注意深い,関心を持つ、気に留める,1
分,fen1,分割,分割する,3,,,嫌い,おもちゃ,先祖,0
附近,fu4 jin4,近所,近所,3,,,安産,安い,冷静,3
复习,fu4 xi2,復習する,復習する,3,复习は、それぞれ復習の簡体字。漢字の一部を取った形。,《复习》は、それぞれ復習の簡体字。漢字の一部を取った形。,綺麗,群衆,習字,0
干净,gan1 jing4,クリーン,綺麗だ、清潔だ,3,房间很干净,《房间很干净》,干からびている,群衆,みなさん,2
敢,gan3,敢えて,【助動詞】敢えて〜する,3,"【gan】
干(gan1) 干瓢(カンピョウ)の干(カン)
敢(gan3) 果敢の敢(カン)
感(gan3) 感染の感(カン)","【gan】
《干》(gan1) 干瓢(カンピョウ)の干(カン)
《敢》(gan3) 果敢の敢(カン)
《感》(gan3) 感染の感(カン)",半分,クラス,死体,0
感冒,gan3 mao4,風邪をひく,風邪をひく,3,"生病(sheng1 bing4) 病気になる
感冒(gan3 mao4) 風邪をひく","《生病》(sheng1 bing4) 病気になる
《感冒》(gan3 mao4) 風邪をひく",運搬する,クラス,仕事,2
刚才,gang1 cai2,今,たった今,3,,,法律,裁判官,弁護士,1
跟,gen1,とともに,とともに,3,"【艮(こんづくり・ねづくり・うしとら)】
很(hen3) 很(コン)
跟(gen1) 跟(コン)
根(gen1) 根(コン)
眼(yan1) 眼(ガン)
銀(yin2) 銀(ギン)
腿(tui3) 腿(タイ)

音読みが「ン」で終わる漢字は、-ngではなく-nで終わる傾向がある。","【艮(こんづくり・ねづくり・うしとら)】
《很》(hen3) 很(コン)
《跟》(gen1) 跟(コン)
《根》(gen1) 根(コン)
《眼》(yan1) 眼(ガン)
《銀》(yin2) 銀(ギン)
《腿》(tui3) 腿(タイ)

音読みが「ン」で終わる漢字は、-ngではなく-nで終わる傾向がある。",校長,弁護士,市長,3
根据,gen1 ju4,によると、,根拠、【前置詞】〜に基づき・〜によれば,3,"日本語で「据」は、キョ・す(える)・す(わる)。

【ju】
居(ju1) 住居の居(キョ)
举(ju3) 挙手の挙手(キョ)
据(ju4)
句(ju4)

居, 据は、juと読む。","日本語で「据」は、キョ・す(える)・す(わる)。

【ju】
《居》(ju1) 住居の居(キョ)
《举》(ju3) 挙手の挙手(キョ)
《据》(ju4)
《句》(ju4)

《居》,《据》は、juと読む。",居座る、籠城,【副詞】根気強く,探偵,3
更,geng1,もっと,もっと,3,,,開ける,満腹だ,空腹だ,0
公园,gong1 yuan2,公園,公園,3,"园は、園の簡体字。
公园(gong1 yuan2) 公園(こいえん)
花园(hua1 yuan2) 花園(はなぞの)、ガーデン","《园》は、園の簡体字。
《公园》(gong1 yuan2) 公園(こいえん)
《花园》(hua1 yuan2) 花園(はなぞの)、ガーデン",空腹だ,包む,伝える,0
故事,gu4 shi4,物語,物語,3,,,被る,コップ,米軍,1
刮风,gua1 feng1,風が吹く,風が吹く,3,"日本語での刮は、「カツ」「けず(る)」「こす(る)」「こそ(げる)」と読む。
刮目(カツモク)の刮。

风は、風の簡体字。","日本語での刮は、「カツ」「けず(る)」「こす(る)」「こそ(げる)」と読む。
刮目(カツモク)の刮。

《风》は、風の簡体字。",感謝する,またね,嬉しい,3
关,guan1,閉める,閉める,3,,,家に帰る,寄り道する,頭がいい,0
关系,guan1 xi4,関係,関係,3,,,非常に,飛行機,空,1
关心,guan1 xin1,憂慮,関心を持つ、気に留める,3,,,感謝する,頭が真っ白になる,嬉しい,3
关于,guan1 yu2,について,【前置詞】〜について,3,,,最後、最後にする,【副詞】とりわけ,【接続詞】したがって,2
国家,guo2 jia1,国,国,3,"【guo】
国(guo2) 国(コク)
果(guo3) 果(カ)
过(guo4) 過(カ)","【guo】
《国》(guo2) 国(コク)
《果》(guo3) 果(カ)
《过》(guo4) 過(カ)",対話,教室,紹介する,3
果汁,guo3 zhi1,ジュース,ジュース,3,"【飲み物】
牛奶(niu2 nai3)  牛乳
茶(cha2) お茶
咖啡(ka1 fei1) コーヒー
啤酒(pi2 jiu3) ビール
果汁(guo3 zhi1) ジュース","【飲み物】
《牛奶》(niu2 nai3)  牛乳
《茶》(cha2) お茶
《咖啡》(ka1 fei1) コーヒー
《啤酒》(pi2 jiu3) ビール
《果汁》(guo3 zhi1) ジュース",成果,国,関心,0
过去,guo4 qu5,過去,過去、歩いていく、過ぎ去る,3,过は、過の簡体字。,《过》は、過の簡体字。,河童(かっぱ),フグ,三途の川,3
还是,hai2 shi4,若しくは,【接続詞】それとも、【副詞】まだ、依然として,3,"「还是」は疑問文で使われるのに対し、
「或者」は普通の文で使われる。","「《还是》」は疑問文で使われるのに対し、
「《或者》」は普通の文で使われる。",【接続詞】したがって、【副詞】絶対に,【接続詞】なぜならば、【副詞】絶対に,【副詞】ずっと,2
害怕,hai4 pa4,恐れて,恐れる,3,"【カ行のh読み】
音読みがカ行で、中国語でh読みする漢字は少なくない。
化(huā→huà) 化(カ)
花(huā) 花壇の花(カ)
话(hua4）会話の話(ワ)
画(hua4) 画面の画(ガ)
黑(hei1) 黒(コク)
害(hai4) 害(ガイ)
护(hu4) 護(ゴ)

【pa】
日本語の怕は、ハ・ハク・おそ(れる)と読む。
爬(pa2) 爬虫類の爬(ハ)
怕(pa4) 怕(ハク)","【カ行のh読み】
音読みがカ行で、中国語でh読みする漢字は少なくない。
《化》(huā→huà) 化(カ)
《花》(huā) 花壇の花(カ)
《话》(hua4）会話の話(ワ)
《画》(hua4) 画面の画(ガ)
《黑》(hei1) 黒(コク)
《害》(hai4) 害(ガイ)
《护》(hu4) 護(ゴ)

【pa】
日本語の怕は、ハ・ハク・おそ(れる)と読む。
《爬》(pa2) 爬虫類の爬(ハ)
《怕》(pa4) 怕(ハク)",害獣,害虫,不審者,3
河,he2,川,川,3,渇,《渇》,河童(かっぱ),フグ,三途の川,2
黑板,hei1 ban3,黒板,黒板,3,"【カ行のh読み】
音読みがカ行で、中国語でh読みする漢字は少なくない。
化(huā→huà) 化(カ)
花(huā) 花壇の花(カ)
话(hua4）会話の話(ワ)
画(hua4) 画面の画(ガ)
黑(hei1) 黒(コク)
害(hai4) 害(ガイ)
护(hu4) 護(ゴ)
环(huan2) 環(カン)
换(huan4) 換(カン)
黄(huang2) 黄(コウ)
会(hui4) 会(カイ)","【カ行のh読み】
音読みがカ行で、中国語でh読みする漢字は少なくない。
《化》(huā→huà) 化(カ)
《花》(huā) 花壇の花(カ)
《话》(hua4）会話の話(ワ)
《画》(hua4) 画面の画(ガ)
《黑》(hei1) 黒(コク)
《害》(hai4) 害(ガイ)
《护》(hu4) 護(ゴ)
《环》(huan2) 環(カン)
《换》(huan4) 換(カン)
《黄》(huang2) 黄(コウ)
《会》(hui4) 会(カイ)",まな板,パソコン,時刻表,3
护照,hu4 zhao4,パスポート,パスポート,3,"护は護の簡体字。
照片(zhao4 pian4) 写真
照相机(zhao4 xiang4 ji1) カメラ","《护》は護の簡体字。
《照片》(zhao4 pian4) 写真
《照相机》(zhao4 xiang4 ji1) カメラ",写真,カメラ,護る,3
花,hua1,花,花,3,"这种花儿(この花)

【hua】
化(huā→huà) 化(カ)
花(huā) 花壇の花(カ)
话(hua4）会話の話(ワ)
画(hua4) 画面の画(ガ)
音読みがカ行で、中国語でh読みする漢字は少なくない。

黑(hei1) 黒(コク)
害(hai4) 害(ガイ)","《这种花儿》(この花)

【hua】
《化》(huā→huà) 化(カ)
《花》(huā) 花壇の花(カ)
《话》(hua4）会話の話(ワ)
《画》(hua4) 画面の画(ガ)
音読みがカ行で、中国語でh読みする漢字は少なくない。

《黑》(hei1) 黒(コク)
害(hai4) 害(ガイ)",キロメートル,会社,会社員,2
花园,hua1 yuan2,ガーデン,ガーデン,3,"园は、園の簡体字。
公园(gong1 yuan2) 公園(こいえん)
花园(hua1 yuan2) 花園(はなぞの)、ガーデン","《园》は、園の簡体字。
《公园》(gong1 yuan2) 公園(こいえん)
《花园》(hua1 yuan2) 花園(はなぞの)、ガーデン",学校,駅,宿舎,0
画,hua4,絵,絵,3,"这张画儿 この絵
儿はあってもなくても、意味は変わらない。","《这张画儿》 この絵
《儿》はあってもなくても、意味は変わらない。",安い,貴社,あなた,0
坏,huai4,悪い,悪い、壊す、壊れている,3,"坏(壞, huai4)は、破壊(ハカイ)の壊です。
王偏の环(環, huán)とは字面も音も似てますが注意しましょう。环境(huán jìng)","《坏》(壞, huai4)は、破壊(ハカイ)の壊です。
王偏の《环》(環, huán)とは字面も音も似てますが注意しましょう。《环境》(huán jìng)",カップ、コップ,さらに,環境,2
还,huan3,さらに,さらに,3,"王偏の环(環)は声調違いの同音です。环境(huán jìng)
hái→huán","王偏の环(環)は声調違いの同音です。环境(huán jìng)
hái→huán",過ぎる,悪い、壊す、壊れている,大人,1
环境,huan2 jing4,環境,環境,3,"【huan】
环(huan2) 環(カン)
换(huan4) 換(カン)","【huan】
《环》(huan2) 環(カン)
《换》(huan4) 換(カン)",過ぎる,さらに,悪い、壊す、壊れている,0
换,huan4,変える,乗り換える、交換する,3,"换は、日本語の「交換する」の「換」に相当する。

【huan】
欢(huan1) 歓(カン)
环(huan2) 環(カン)
换(huan4) 換(カン)","《换》は、日本語の「交換する」の「換」に相当する。

【huan】
《欢》(huan1) 歓(カン)
《环》(huan2) 環(カン)
《换》(huan4) 換(カン)",さらに,環境,大好き,1
黄,huang2,黄色,黄色,3,中国全体で7番目、台湾で3番目の有名な名字。,中国全体で7番目、台湾で3番目の有名な名字。,語る,高い,安い,0
会议,hui4 yi4,会議,会議,3,议は、議の簡体字。,《议》は、議の簡体字。,会長,会話,会報,1
或者,huo4 zhe3,若しくは,あるいは,3,"日本語で「あるいは」は「或いは」「或は」と書く。

「还是」は疑問文で使われるのに対し、
「或者」は普通の文で使われる。

【huo】
火(huo3) 火(カ)
或(huo4) 或(ワク)","日本語で「あるいは」は「或いは」「或は」と書く。

「《还是》」は疑問文で使われるのに対し、
「《或者》」は普通の文で使われる。

【huo】
《火》(huo3) 火(カ)
《或》(huo4) 或(ワク)",実際,本物,高い,0
几乎,ji1 hu1,殆ど,ほとんど,3,,,どのように呼ぶか,何度呼ぶか,全てに,3
机会,ji1 hui4,機会,機会,3,,,家に帰る,寄り道する,頭がいい,3
极,ji2,極,【副詞】きわめて、ごく,3,"极(ji2)は、極の簡体字。

【ji】
几(ji1, ji3) 几(キ、つくえ、ひじかけ)
机(ji1) 機会の機(キ)
及(ji2) 言及の及(キュウ)
极(ji2) 極(キョク)
级(ji2) 級(キュウ)
急(ji2) 急(キュウ)
记(ji4) 記(キ)
季(ji4) 季(キ)

几はji1, 及はji2と読みそう。","《极》(ji2)は、極の簡体字。

【ji】
《几》(ji1, ji3) 几(キ、つくえ、ひじかけ)
《机》(ji1) 機会の機(キ)
《及》(ji2) 言及の及(キュウ)
《极》(ji2) 極(キョク)
《级》(ji2) 級(キュウ)
《急》(ji2) 急(キュウ)
《记》(ji4) 記(キ)
《季》(ji4) 季(キ)

《几》はji1, 及はji2と読みそう。",非常に,飛行機,空,0
记得,ji4 de5,思い出す,【動詞】覚えている,3,,,【動詞】忘れている,【動詞】覚える,【動詞】忘れる,3
季节,ji4 jie2,シーズン,季節、シーズン,3,"节は、節(セツ・jie)の簡体字。

季节(ji4 jie2)は、季節・シーズン。
节目(jie2 mu4)は、プログラム。
节日(jie2 ri4)は、休日。

【jie】
接(jie1) 接合の接(セツ)
节(jie2) 節日の節(セツ)
结(jie2) 結合の結(ケツ)

街(jie1)  街道の街(カイ)
解(jie3) 解決の解(カイ)
界(jie4) 世界の界(カイ)
介(jie4) 紹介の介(カイ)
「界」の中に「介」が入っている。

姐(jie3) 姐(ソ・シャ)
借(jie4) 借金の借(シャッ)","《节》は、節(セツ・jie)の簡体字。

《季节》(ji4 jie2)は、季節・シーズン。
《节目》(jie2 mu4)は、プログラム。
《节日》(jie2 ri4)は、休日。

【jie】
《接》(jie1) 接合の接(セツ)
《节》(jie2) 節日の節(セツ)
《结》(jie2) 結合の結(ケツ)

《街》(jie1)  街道の街(カイ)
《解》(jie3) 解決の解(カイ)
《界》(jie4) 世界の界(カイ)
《介》(jie4) 紹介の介(カイ)
「《界》」の中に「《介》」が入っている。

《姐》(jie3) 姐(ソ・シャ)
《借》(jie4) 借金の借(シャッ)",お祭り,プログラム,休日,3
检查,jian3 cha2,検査,検査する、反省する,3,,,検査する、視力をはかる,検査する、辞書で調べる,検査する、破壊する,0
简单,jian3 dan1,シンプル,シンプル,3,"中国語の「单」の字は、日本の「単」より上の部分が1画少ないので注意。

菜单(cai4 dan1) メニュー
简单(jian3 dan1) シンプル","中国語の「单」の字は、日本の「単」より上の部分が1画少ないので注意。

菜单(cai4 dan1) メニュー
简单(jian3 dan1) シンプル",写真機,お姉ちゃん,コーヒー,3
健康,jian4 kang1,健康,健康、健康だ,3,,,本当、本当は,運動、運動する,会う、会見,2
见面,jian4 mian4,会う,会う,3,,,祝日,急死,人間,0
讲,jiang3,話す,話す、説明する、講義する,3,講の簡体字。,講の簡体字。,雨,晴れ,寒い,2
教,jiao1,教える,教える,3,,,目,顔,唇(くちびる),3
脚,jiao3,足,足 (くるぶしから爪先),3,"- 腿(tui3) 脚(あし) (足首から付け根・もも)
- 脚(jiao3) 足(あし) (踝(くるぶし)から爪先(つまさき))
中国語の脚(jiao3)が、日本語の「足(あし)」に相当するイメージ。ややこしい。","- 《腿》(tui3) 脚(あし) (足首から付け根・もも)
- 《脚》(jiao3) 足(あし) (踝(くるぶし)から爪先(つまさき))
中国語の《脚》(jiao3)が、日本語の「足(あし)」に相当するイメージ。ややこしい。",脚 (足首から付け根・もも),指,メガネ,3
角,jiao3,角度,1元の10分の1,3,"人民元の単位。
元の10分の1。
口語では「毛(mao2)」という。
さらに、角の10分の1は、分(fen1)という。

【jiao】
蕉(jiao1) 芭蕉の蕉(ショウ)
教(jiao1→jiao4) 教(キョウ)
脚(jiao3) 足(ソク)
角(jiao3) 角(カク)
较(jiao4) 比較の較(カク)
觉(jiao4) 覚悟の覚(カク)
叫(jiao4) 絶叫の叫(キョウ)","人民元の単位。
《元》の10分の1。
口語では「《毛》(mao2)」という。
さらに、《角》の10分の1は、《分》(fen1)という。

【jiao】
《蕉》(jiao1) 芭蕉の蕉(ショウ)
《教》(jiao1→jiao4) 教(キョウ)
《脚》(jiao3) 足(ソク)
《角》(jiao3) 角(カク)
《较》(jiao4) 比較の較(カク)
《觉》(jiao4) 覚悟の覚(カク)
《叫》(jiao4) 絶叫の叫(キョウ)",教える,比べる,〜と申します,0
接,jie1,受ける,受ける、つなぐ、接近する,3,,,仲介、仲介する、つなぐ,休日、休む,プログラム,3
街道,jie1 dao4,ストリート,通り、ストリート、町内,3,,,会う,帰る,戦う,2
结婚,jie2 hun1,結婚,結婚する,3,対義語は、离婚(lí hūn)。,対義語は、《离婚》(lí hūn)。,婚約者,婚約する,結束する,3
结束,jie2 shu4,終了,終了、終わる、終わらせる,3,,,結束、結束する,束、束になる、束ねる,連結、連結する、連結させる,1
节目,jie2 mu4,プログラム,番組、プログラム,3,"节は、節(セツ・jie)の簡体字。

季节(ji4 jie2)は、季節・シーズン。
节目(jie2 mu4)は、プログラム。
节日(jie2 ri4)は、休日。","节は、節(セツ・jie)の簡体字。

《季节》(ji4 jie2)は、季節・シーズン。
《节目》(jie2 mu4)は、プログラム。
《节日》(jie2 ri4)は、休日。",起き上がる,起きる,起こす,3
节日,jie2 ri4,休日,休日,3,"节は、節(セツ・jie)の簡体字。

季节(ji4 jie2)は、季節・シーズン。
节目(jie2 mu4)は、プログラム。
节日(jie2 ri4)は、休日。","《节》は、《節》(セツ・jie)の簡体字。

《季节》(ji4 jie2)は、季節・シーズン。
《节目》(jie2 mu4)は、プログラム。
《节日》(jie2 ri4)は、休日。",意識,意外,静けさ,1
解决,jie3 jue2,解決する,解決、解決する,3,,,決別、決別する,解答、解答する,解凍、解凍する,0
借,jie4,借りる,(お金・本・モノを)貸す・かりる,3,本をかりる,本をかりる,また,誰であっても,一般的にいえば,1
经常,jing1 chang2,しばしば,平時の、しょっちゅう、たえず,3,,,マネージャー,走る,旅行する,0
经过,jing1 guo4,スルー,経緯・過ぎる,3,,,経理部,お金,賢い,0
经理,jing1 li3,マネージャー,マネージャー・経営する,3,,,経理部,平時の、しょっちゅう、たえず,賢い,2
久,jiu3,長い,(時間的に)長い,3,,,遠い,終わらない,大変つらい,3
旧,jiu4,古い,古い,3,,,常に,特別に,一般的には,2
举行,ju3 xing2,行う,(儀式などを)行う,3,挙行(きょこう)する,挙行(きょこう)する,手を挙げる,鎮圧する,暴力を振るう,3
句子,ju4 zi5,文,文,3,筍(タケノコ)や旬(シュン)ではなく、俳句の句。,筍(タケノコ)や旬(シュン)ではなく、俳句の句。,タケノコ,俳句,旬,2
决定,jue2 ding4,決める,決める,3,"日本語の「決」はさんずいだが、
中国語の「决」はにすいになっている。","日本語の「決」はさんずいだが、
中国語の「决」はにすいになっている。",月,太陽,思う,0
渴,ke3,喉が渇く,喉が渇く,3,"喝 (hē→hè)
渴 ke3

日本語で「渇」は、「カツ」「かわ(く)」「カチ」と読む。
「渇望」「渇水」「枯渇」","《喝》 (hē→hè)
《渴》 ke3

日本語で「渇」は、「カツ」「かわ(く)」「カチ」と読む。
「渇望」「渇水」「枯渇」",また,誰であっても,一般的にいえば,0
可爱,ke3 ai4,愛らしい,かわいい、愛(あい)らしい,3,"漂亮(piao4 liang) 美しい(beutiful)
可爱(ke3 ai4) かわいい、愛らしい","《漂亮》(piao4 liang) 美しい(beutiful)
《可爱》(ke3 ai4) かわいい、愛らしい",美しい,走る,旅行する,1
刻,ke4,四分の一,四分の一,3,"十点一刻 10時15分

【ke】
可(ke3) 可(カ)
渇(ke3) 渇(カツ)
刻(ke4) 刻(コク)
客(ke4) 客(キャク)
课(ke4) 課題の課(カ)","《十点一刻》 10時15分

【ke】
《可》(ke3) 可(カ)
《渇》(ke3) 渇(カツ)
《刻》(ke4) 刻(コク)
《客》(ke4) 客(キャク)
《课》(ke4) 課題の課(カ)",可能性,永遠,止まる,2
客人,ke4 ren2,ゲスト,客、旅客、旅人、乗客,3,,,ホテル,主要人物,主役,0
空调,kong1 tiao2,空調,空調、エアコン,3,,,天気,魚,習慣,1
口,kou3,口,口,3,,,中国元,運動,魚,1
哭,ku1,泣く,泣く,3,日本語で「哭」の読みは、コク、な(く)。意味は、声をあげて泣くこと。,日本語で「哭」の読みは、コク、な(く)。意味は、声をあげて泣くこと。,笑う,叫ぶ,魚,1
裤子,ku4 zi5,パンツ,ズボン,3,"衬衫(chen4 shan1) シャツ
裤子(kù・zi) ズボン
裙子(qun2 zi5) スカート","《衬衫》(chen4 shan1) シャツ
《裤子》(kù・zi) ズボン
《裙子》(qun2 zi5) スカート",スカート,学校,フォーク,2
筷子,kuai4 zi5,箸,箸,3,"【kuai】
块(kuai4) 塊
快(kuai4) 速い
筷(kuai4) 箸(はし)","【kuai】
《块》(kuai4) 塊
《快》(kuai4) 速い
《筷》(kuai4) 箸(はし)",夜,午前,午後,0
蓝,lan2,青い,青い,3,篮球(バスケットボール)の篮は、竹冠。,《篮球》(バスケットボール)の篮は、竹冠。,バスケットボールをする,サッカーをする,割る,1
老,lao3,古い,古い,3,,,女優,俳優,筋肉,3
离开,li2 kai1,去り,去る、離れる,3,,,離職、離職する,スタート,安い、買う,1
礼物,li3 wu4,ギフト,プレゼント、贈り物,3,,,遠い,歴史,習慣、慣習,3
历史,li4 shi3,歴史,歴史,3,,,困難,運動,魚,1
脸,lian3,顔,顔,3,"臉(レン・ケン・ほお・かお)の簡体字。
変臉(bian4 lian3, ヘンレン)……中国の川劇という伝統芸能で、顔のお面を瞬時に変更する技。日本では、臉が一般的な文字でないため、変面(ヘンメン)と書かれることもある。

目偏の「瞼」は、「ケン」「まぶた」と読む。","臉(レン・ケン・ほお・かお)の簡体字。
《変臉》(bian4 lian3, ヘンレン)……中国の川劇という伝統芸能で、顔のお面を瞬時に変更する技。日本では、臉が一般的な文字でないため、変面(ヘンメン)と書かれることもある。

目偏の「瞼」は、「ケン」「まぶた」と読む。",眉毛,まぶた,耳,1
练习,lian4 xi2,練習,練習、練習する,3,"练习は、練習の簡体字。
東の簡体字が东

学习(xue2 xi2) 学習する
练习(lian4 xi2) 練習する、練習","《练习》は、練習の簡体字。
東の簡体字が《东》

《学习》(xue2 xi2) 学習する
《练习》(lian4 xi2) 練習する、練習",おはよう,学校,フォーク,3
辆,liang4,車,【量詞】車,3,"【リョウ】
两(liang3) 両輪の両(リョウ)
輌(liang4) 車輌の輌(リョウ)
亮(liang) 亮(リョウ)
了(liao3) 了解の了(リョウ)
日本の音読みでラ行で始まる漢字は、rではなくlの音が使われる。","【リョウ】
《两》(liang3) 両輪の両(リョウ)
《輌》(liang4) 車輌の輌(リョウ)
《亮》(liang) 亮(リョウ)
《了》(liao3) 了解の了(リョウ)
日本の音読みでラ行で始まる漢字は、rではなくlの音が使われる。",自動車,明白な,スッキリする,0
了解,liao3 jie3,理解し,理解する,3,"日本語でラ行で始まるものは、rではなくlの音が使われます。
了は「リョウ」でラ行で、 liao3なので、この法則が成り立っています。","日本語でラ行で始まるものは、rではなくlの音が使われます。
了は「リョウ」でラ行で、 liao3なので、この法則が成り立っています。",バスケットボールをする,サッカーをする,割る,0
邻居,lin2 ju1,隣人,隣人,3,邻は、鄰・隣の簡体字。,《邻》は、鄰・隣の簡体字。,女優,俳優,筋肉,2
楼,lou2,床,床、2階以上の建物,3,,,階段,窓,鉄格子,2
绿,lv4,グリーン,グリーン,3,,,大自然,学校,フォーク,1
马,ma3,馬,馬,3,"鸟(niao3) 鳥
马(ma3) 馬","《鸟》(niao3) 鳥
《马》(ma3) 馬",母,鳥,筋肉,0
满意,man3 yi4,満足,満足する、満足している,3,"热情(re4 qing2) 【名詞】熱意・情熱 【形容詞】 心をこめている
满意(man3 yi4) 【動詞】満足する 【形容詞】満足だ","《热情》(re4 qing2) 【名詞】熱意・情熱 【形容詞】 心をこめている
《满意》(man3 yi4) 【動詞】満足する 【形容詞】満足だ",熱意、情熱,買い物に行く,海に行く,1
帽子,mao4 zi5,帽子,帽子,3,,,便利,値段が高い,背丈が低い,1
米,mi3,メートル,メートル,3,,,グラム,米国,種,0
面包,mian4 bao1,パン,パン,3,,,ラーメン,お米,小籠包,3
面条,mian4 tiao2,麺,麺,3,,,パン,お米,ラーメン,1
明白,ming2 bai5,理解する,理解する、明白な,3,,,真っ白な,純粋,可憐な,3
拿,na2,取る,取る、掴む、【前置詞】〜で,3,,,あれ,どれ,握りつぶす,1
奶奶,nai3 nai5,祖母,祖母,3,"牛乳は、牛奶。
奶奶(nai3 nai5)は、祖母。
爷爷(ye2 ye)は、祖父。

【しりとり】
牛奶 → 奶奶","牛乳は、《牛奶》。
《奶奶》(nai3 nai5)は、祖母。
《爷爷》(ye2 ye)は、祖父。

【しりとり】
《牛奶》 →《奶奶》",散歩する,買い物に行く,海に行く,1
南,nan2,南,南,3,,,便利,値段が高い,背丈が低い,3
难,nan2,難しい,難しい,3,,,写真,カメラ、写真機,魚,3
难过,nan2 guo4,悲しい,苦労する、悲しい,3,"难は、難の簡体字。
过は、過の簡体字。
「過ごすのが難しい」的なニュアンスから来ているのだろう。

【ヌ】
难(nan2) 難(ナン)
欢(huan1) 歓迎の歓(カン)","《难》は、難の簡体字。
《过》は、過の簡体字。
「過ごすのが難しい」的なニュアンスから来ているのだろう。

【ヌ】
《难》(nan2) 難(ナン)
《欢》(huan1) 歓迎の歓(カン)",歓迎する,チーズ,晴れ,3
年级,nian2 ji2,年,学年・【量詞】年生,3,,,若い,レベル,鳥,0
年轻,nian2 qing1,若い,若い,3,轻は、「軽」の簡体字。,《轻》は、「軽」の簡体字。,学年・【量詞】年生,レベル,年俸・年収,1
鸟,niao3,鳥,鳥,3,"鸟(niao3) 鳥
马(ma3) 馬

花鸟画(hua1 niao3 hua4) 花鳥画(かちょうが)……花と鳥を主に題材とする絵","《鸟》(niao3) 鳥
《马》(ma3) 馬

《花鸟画》(hua1 niao3 hua4) 花鳥画(かちょうが)……花と鳥を主に題材とする絵",馬,ネコ,母,0
努力,nu3 li4,努力,努力、努力する、一生懸命な,3,,,勤務、務める,今,今年,0
爬山,pa2 shan1,登る,山に登る,3,"爬(pa2)は、爬虫類(はちゅうるい)の爬(は)と同じ。
爬(pa2)は、「はう」「よじ登る」「登る」の意味。
日本語の爬(ハ)は、「爬う(はう)」「爬く(かく)」。","《爬》(pa2)は、爬虫類(はちゅうるい)の爬(は)と同じ。
《爬》(pa2)は、「はう」「よじ登る」「登る」の意味。
日本語の爬(ハ)は、「爬う(はう)」「爬く(かく)」。",爬虫類,半端ない,ひっかく,3
盘子,pan2 zi5,一品,大皿、【量詞】皿,3,,,船,ボート,箸,0
胖,pang4,脂肪,太っている,3,"胖(pán → pàng)
胖(pàng) 太っている <-> 瘦(shòu) 痩せている","《胖》(pán → pàng)
《胖》(pàng) 太っている <-> 《瘦》(shòu) 痩せている",痩せている,元気だ,元気がない,0
啤酒,pi2 jiu3,ビール,ビール,3,"【飲み物】
牛奶(niu2 nai3)  牛乳
茶(cha2) お茶
咖啡(ka1 fei1) コーヒー
啤酒(pi2 jiu3) ビール
果汁(guo3 zhi1) ジュース","【飲み物】
《牛奶》(niu2 nai3)  牛乳
《茶》(cha2) お茶
《咖啡》(ka1 fei1) コーヒー
《啤酒》(pi2 jiu3) ビール
《果汁》(guo3 zhi1) ジュース",牛乳,コーヒー,お茶,0
葡萄,pu2 tao5,グレープ,ブドウ,3,"红葡萄酒(hóng pú táo jiǔ) 赤ワイン
白葡萄酒(bái pú táo jiǔ) 白ワイン

【果物】
西瓜(xi1 gua1) スイカ(西瓜)
苹果(ping2 guo3) リンゴ(林檎)
香蕉(xiang1 jiao1) バナナ(甘蕉、実芭蕉)
葡萄(pu2 tao5) ブドウ(葡萄)","《红葡萄酒》(hóng pú táo jiǔ) 赤ワイン
《白葡萄酒》(bái pú táo jiǔ) 白ワイン

【果物】
《西瓜》(xi1 gua1) スイカ(西瓜)
《苹果》(ping2 guo3) リンゴ(林檎)
《香蕉》(xiang1 jiao1) バナナ(甘蕉、実芭蕉)
《葡萄》(pu2 tao5) ブドウ(葡萄)",リンゴ,ビール,ワイン,0
普通话,pu3 tong1 hua4,普通話,標準語,3,"【pu】
葡(pu2) 葡萄(ブドウ)の葡(ブ)
普(pu3) 普通の普(フ)","【pu】
《葡》(pu2) 葡萄(ブドウ)の葡(ブ)
《普》(pu3) 普通の普(フ)",一般的には,東京,置き時計,0
其实,qi2 shi2,実際,【副詞】実際は,3,,,真偽はさておき,とりわけ,冬,3
其他,qi2 ta1,他の,他の,3,"「其他 + N(名詞)」で、「そのほかのN」
其他人 他の人(ほかのひと)、别人(bie2 ren2)と同じ意味合い。

别人(bie2 ren2)は、呼びかけに使えないのでは。
「其他人」は、「ほかの人はどうですか 」に使える単語ではないかと思う。","「《其他》 + N(名詞)」で、「そのほかのN」
《其他人》 他の人(ほかのひと)、别人(bie2 ren2)と同じ意味合い。

《别人》(bie2 ren2)は、呼びかけに使えないのでは。
「《其他人》」は、「ほかの人はどうですか 」に使える単語ではないかと思う。",他人,面倒,動力,0
骑,qi2,乗る,乗る,3,,,遅い,背丈が小さい,牛,0
铅笔,qian1 bi3,鉛筆,鉛筆,3,"铅は、鉛の簡体字。
笔は、筆(ヒツ)の簡体字。

【qian】
铅(qian1) エン
千(qian1) セン
前(qian2) ゼン
钱(qian2) セン

【bi】
鼻(bi2) 鼻炎の鼻(ビ)
比(bi3) 比較の比(匕)
笔(bi3) 鉛筆の筆(ヒツ)
必(bi4) 必然の必(ヒツ)","《铅》は、鉛の簡体字。
《笔》は、筆(ヒツ)の簡体字。

【qian】
《铅》(qian1) エン
《千》(qian1) セン
《前》(qian2) ゼン
《钱》(qian2) セン

【bi】
《鼻》(bi2) 鼻炎の鼻(ビ)
《比》(bi3) 比較の比(匕)
《笔》(bi3) 鉛筆の筆(ヒツ)
《必》(bi4) 必然の必(ヒツ)",短い,長い,背丈が小さい,2
清楚,qing1 chu5,明確な,明瞭だ、明確だ、わかる,3,我也不太清楚 私もよく知りません,我也不太清楚 私もよく知りません,綺麗だ,清楚だ,純粋だ,3
秋,qiu1,秋,秋,3,"春(chun1) 春(シュン)
秋(qiu1) 秋(シュウ)","《春》(chun1) 春(シュン)
《秋》(qiu1) 秋(シュウ)",春,教師,自転車,3
奇怪,qi2 guai4,奇妙,奇妙・奇妙に感じる,3,,,満腹だ,億劫,歩く,1
裙子,qun2 zi5,スカート,スカート,3,"衬衫(chen4 shan1) シャツ
裤子(kù・zi) ズボン
裙子(qun2 zi5) スカート","《衬衫》(chen4 shan1) シャツ
《裤子》(kù・zi) ズボン
《裙子》(qun2 zi5) スカート",タクシー,電車,自動車,1
然后,ran2 hou4,それから,【副詞】それから,3,,,【接続詞】だけど,【副詞】確かに,退避する,0
热情,re4 qing2,熱意,熱意、情熱,3,,,最後,しかし,新しくする,0
认为,ren4 wei2,思う,思う,3,"认は、認の簡体字。

认为(ren4 wei2) 思う
认真(ren4 zhen1) 真面目だ、真剣だ、真剣になる

【ren】
人(ren2) 数人の人(ニン)
认(ren4) 認識の認(ニン)
どちらも、「人」の字が使われ、「ニン」と読む。","《认》は、認の簡体字。

《认为》(ren4 wei2) 思う
《认真》(ren4 zhen1) 真面目だ、真剣だ、真剣になる

【ren】
《人》(ren2) 数人の人(ニン)
《认》(ren4) 認識の認(ニン)
どちらも、「人」の字が使われ、「ニン」と読む。",研究する,探求する,散髪する,3
认真,ren4 zhen1,真剣,真面目だ、真剣だ、真剣になる,3,"认は、認の簡体字。

认为(ren4 wei2) 思う
认真(ren4 zhen1) 真面目だ、真剣だ、真剣になる

【ren】
人(ren2) 数人の人(ニン)
认(ren4) 認識の認(ニン)
どちらも、「人」の字が使われ、「ニン」と読む。","《认》は、認の簡体字。

《认为》(ren4 wei2) 思う
《认真》(ren4 zhen1) 真面目だ、真剣だ、真剣になる

【ren】
《人》(ren2) 数人の人(ニン)
《认》(ren4) 認識の認(ニン)
どちらも、「人」の字が使われ、「ニン」と読む。",思う,安い,愛する,3
容易,rong2 yi4,簡単,簡単,3,,,安い,呼吸,息,1
如果,ru2 guo3,もし,もし〜ならば、,3,,,必ず〜しなければならない,果物のように,安い,1
伞,san3,傘,傘,3,,,嫌い,おもちゃ,先祖,0
上网,shang4 wang3,インターネット,インターネットに接続する,3,,,安産,安い,冷静,1
生气,sheng1 qi4,怒る,元気、怒る,3,生气(怒る)の対義語は、消气(xiāo qì)で「怒りが静まる」。,《生气》(怒る)の対義語は、《消气》(xiāo qì)で「怒りが静まる」。,短い,長い,魔法,2
声音,sheng1 yin1,音,音,3,"颜色は、顔色(かおいろ)ではなく、色(いろ)。
声音は、声(こえ)ではなく、音(おと)。","《颜色》は、顔色(かおいろ)ではなく、色(いろ)。
《声音》は、声(こえ)ではなく、音(おと)。",先生,教師,自転車,1
使,shi3,使う,使う,3,"【shi3】
史(shi3) 歴史の史(シ)
使(shi3) 使(シ)
どちらにも「史」が入っている。shi3は、珍しい方かも。","【shi3】
《史》(shi3) 歴史の史(シ)
《使》(shi3) 使(シ)
どちらにも「史」が入っている。shi3は、珍しい方かも。",満腹だ,億劫,歩く,0
世界,shi4 jie4,世界,世界,3,"世界地図(せかいちず)は、世界地图(shi4 jie4 di4 tu2)

【shi】
师(shi1) 師匠の師(シ)
是 是非の是(ゼ)
时(shi2) 時間の時(ジ)
十(shi2) 十(ジュウ)
实(shi2) 実(ジツ、ジッ)
史(shi3) 歴史の史(シ)
使(shi3) 使(シ)
视(shi4) 視(シ)
示(shi4) 図示の示(シ)
世(shi4) 世(セイ・セ)
事(shi4) 事件の事(ジ)
市(shi4) 市町村の市(シ)
试(shi4) 試(シ)
室(shi4) 室(シツ)
始(shi4) 始(シ)
识(shi)  識(シキ)","世界地図(せかいちず)は、《世界地图》(shi4 jie4 di4 tu2)

【shi】
《师》(shi1) 師匠の師(シ)
《是》 是非の是(ゼ)
《时》(shi2) 時間の時(ジ)
《十》(shi2) 十(ジュウ)
《实》(shi2) 実(ジツ、ジッ)
《史》(shi3) 歴史の史(シ)
《使》(shi3) 使(シ)
《视》(shi4) 視(シ)
《示》(shi4) 図示の示(シ)
《世》(shi4) 世(セイ・セ)
《事》(shi4) 事件の事(ジ)
《市》(shi4) 市町村の市(シ)
《试》(shi4) 試(シ)
《室》(shi4) 室(シツ)
《始》(shi4) 始(シ)
《识》(shi)  識(シキ)",タクシー,電車,自動車,1
瘦,shou4,薄い,痩せている,3,"胖(pán → pàng)
胖(pàng) 太っている <-> 瘦(shòu) 痩せている","《胖》(pán → pàng)
《胖》(pàng) 太っている <-> 《瘦》(shòu) 痩せている",鼻,逃げる,退避する,1
舒服,shu1 fu5,楽に,心地よい、楽にする,3,"舒(shū)は、一息する、のんびりしている、等。
日本語の舒の読みは、ジョ・ショ・の(べる)・の(ばす)・ゆる(やか)。

服は、「一服(いっぷく)」の「服」と同じか。

不舒服
気分が悪い、具合が悪い、心地が悪い","《舒》(shū)は、一息する、のんびりしている、等。
日本語の舒の読みは、ジョ・ショ・の(べる)・の(ばす)・ゆる(やか)。

服は、「一服(いっぷく)」の「服」と同じか。

《不舒服》
気分が悪い、具合が悪い、心地が悪い",最後,しかし,新しくする,0
叔叔,shu1 shu5,叔父,叔父,3,"叔叔(shu1 shu5) おじさん
阿姨(a1 yi2) おばさん","《叔叔》(shu1 shu5) おじさん
《阿姨》(a1 yi2) おばさん",お父さん,祖父,散髪する,3
树,shu4,木,木,3,,,おじいさん,安い,愛する,1
数学,shu4 xue2,数学,数学,3,,,バナナ,呼吸,息,1
刷牙,shua1 ya2,歯ブラシ,歯を磨く,3,"牙齿(ya2 chi3) 歯
刷牙(shua1 ya2) 歯を磨く
牙刷(ya2 shua1) 歯ブラシ
刷子(shua1 zi) ブラシ、はけ","《牙齿》(ya2 chi3) 歯
《刷牙》(shua1 ya2) 歯を磨く
《牙刷》(ya2 shua1) 歯ブラシ
《刷子》(shua1 zi) ブラシ、はけ",歯ブラシ,歯,安い,1
双,shuang1,ダブル,2つの,3,,,嫌い,兄弟,先祖,3
水平,shui3 ping2,レベル,レベル,3,,,安産,安い,冷静,2
司机,si1 ji1,ドライバ,運転手,3,,,司令官,方向指示機,数字,1
虽然,sui1 ran2,にもかかわらず,にもかかわらず,3,,,最後に,とりわけ,なぜなら,0
太阳,tai4 yang2,太陽,太陽,3,"阳は、陽の簡体字ですね。

太阳(tai4 yang2) 太陽
月亮(yue4 liang5) 月(the moon)
云(yun2) 雲","《阳》は、陽の簡体字ですね。

《太阳》(tai4 yang2) 太陽
《月亮》(yue4 liang5) 月(the moon)
《云》(yun2) 雲",月,雲,大安,1
糖,tang2,砂糖,砂糖,3,,,嫌い,兄弟,先祖,2
特别,te4 bie2,特別な,特別な,3,,,安産,安い,冷静,1
疼,teng2,痛み,痛む,3,日本語の「疼く(うずく)」と同じ字ですね。,日本語の「疼く(うずく)」と同じ字ですね。,バナナ,呼吸,息,0
提高,ti2 gao1,増加,上げる・高める,3,,,提案する,とりわけ,なぜなら,0
体育,ti3 yu4,体育,体育,3,,,体(からだ),彗星,大安,1
甜,tian2,甘い,甘い,3,"日本で、甜は、テン・あま(い)・うま(い)。
甜菜(テンサイ)は、砂糖の材料として知られているサトウダイコン。

【tian】
天(tian1) 天才の天(テン)
甜(tian2) 甜菜の甜(テン)

日本語で「eン(エン)」で終わる読みは、「-tian」が1番多い。
点(dian3) 点滅の点(テン)
典(dian3) 辞典の典(テン)
店(dian4) 店(テン)
电(dian4) 電(デン)","日本で、甜は、テン・あま(い)・うま(い)。
甜菜(テンサイ)は、砂糖の材料として知られているサトウダイコン。

【tian】
《天》(tian1) 天才の天(テン)
《甜》(tian2) 甜菜の甜(テン)

日本語で「eン(エン)」で終わる読みは、「-tian」が1番多い。
《点》(dian3) 点滅の点(テン)
《典》(dian3) 辞典の典(テン)
《店》(dian4) 店(テン)
《电》(dian4) 電(デン)",辛い,塩辛い,しょっぱい,3
条,tiao2,記事,【量詞】筋・本,3,,,条例,彗星,大安,2
同事,tong2 shi4,同僚,同僚,3,同学(tong2 xue2)は、同級生の意味です。,《同学》(tong2 xue2)は、同級生の意味です。,嫌い,兄弟,先祖,3
同意,tong2 yi4,一致する,同意する、賛成する,3,,,意識,同級生,同僚,0
头发,tou2 fa5,髪,髪,3,"头は、頭の簡体字。
发は、「髪」と「発」の簡体字。
どっちも読みは「ハツ」。ここでは、髪の意味。

【日本語で音読みがハ行始まりは、hではなくf】
发(fa1, fa4) 髪・発(ハツ)
夫(fu1, fu2) 夫(フウ・フ)
服(fu2, fu4) 服(フク)
非(fei1) 非凡の非(匕)
飞(fei1) 飛翔の飛(匕)","《头》は、頭の簡体字。
《发》は、「髪」と「発」の簡体字。
どっちも読みは「ハツ」。ここでは、髪の意味。

【日本語で音読みがハ行始まりは、hではなくf】
《发》(fa1, fa4) 髪・発(ハツ)
《夫》(fu1, fu2) 夫(フウ・フ)
《服》(fu2, fu4) 服(フク)
《非》(fei1) 非凡の非(匕)
《飞》(fei1) 飛翔の飛(匕)",バナナ,呼吸,息,0
突然,tu1 ran2,突然,【形容詞】突然だ、【副詞】突然,3,,,ふっとばす、ふっとばされる,突風、突風が吹く,フォーク,2
图书馆,tu2 shu1 guan3,図書館,図書館,3,地図は、地图(di tu)です。,地図は、《地图》(di tu)です。,ホテル,キッチン,料理長,3
腿,tui3,足,脚(あし・キャク),3,"人有两条腿 人間は、二本の脚がある。
腿儿(tui3 er)

腿(tui3) 脚(キャク) (足首から付け根・もも)
脚(jiao3) 足 (踝(くるぶし)から爪先(つまさき))

中国語の脚(jiao3)が、日本語の「足(あし)」に相当するイメージ。ややこしい。","《人有两条腿》 人間は、二本の脚がある。
《腿儿》(tui3 er)

《腿》(tui3) 脚(キャク) (足首から付け根・もも)
《脚》(jiao3) 足 (踝(くるぶし)から爪先(つまさき))

中国語の《脚》(jiao3)が、日本語の「足(あし)」に相当するイメージ。ややこしい。",月食,安い,冷静,2
完成,wan2 cheng2,完成,完成する,3,,,成人する,成り上がる,完敗させる,3
碗,wan3,お椀,お椀,3,,,提案する,とりわけ,なぜなら,3
万,wan4,万,万,3,"ンで終わる漢字はn終わり、そうでない漢字はng終わりの傾向。
- 万(マン)はンで終わるので、万(wan4)
- 忘(ボウ)はンで終わらないので、忘(wang4)","ンで終わる漢字はn終わり、そうでない漢字はng終わりの傾向。
- 万(マン)はンで終わるので、《万》(wan4)
- 忘(ボウ)はンで終わらないので、《忘》(wang4)",体(からだ),彗星,大安,2
忘记,wang4 ji4,忘れる,忘れる,3,,,備忘録、メモ,メモする,抹消する,3
为,wei4,のために,のために,3,,,月,彗星,大安,3
为了,wei4 le5,するために,【動詞】〜のためである、【前置詞】〜するために,3,,,嫌い,けれども,先祖,1
位,wei4,地位,位,3,"【wei】
喂(wei2)
为(wei2→wei4) 為政者の為(イ)
位(wei4) 三位の位(イ)","【wei】
《喂》(wei2)
《为》(wei2→wei4) 為政者の為(イ)
《位》(wei4) 三位の位(イ)",安産,安い,冷静,1
文化,wen2 hua4,文化,文化,3,中文は、中国語。,中文は、中国語。,バナナ,呼吸,息,2
西,xi1,西洋の,西洋の,3,"【xi】
西(xi1) 西(セイ、サイ)
希(xi1) 希望の希(キ)
习(xi2) 習(シュウ)
洗(xi3) 洗(セン)
喜(xi3) 喜(キ)
戏(xi4) 遊戯の戯(ギ)
系(xi4) 系譜の系(ケイ) ","【xi】
《西》(xi1) 西(セイ、サイ)
《希》(xi1) 希望の希(キ)
《习》(xi2) 習(シュウ)
《洗》(xi3) 洗(セン)
《喜》(xi3) 喜(キ)
《戏》(xi4) 遊戯の戯(ギ)
《系》(xi4) 系譜の系(ケイ) ",東洋の,北方の,南米の,3
习惯,xi2 guan4,習慣,習慣,3,习は、習の簡体字。,《习》は、習の簡体字。,体(からだ),彗星,大安,1
洗手间,xi3 shou3 jian1,トイレ,トイレ、お手洗い,3,"洗(xi3)は、日本語の「セン」の読みから離れていて、難しめ。

男子トイレは、男洗手间
女子トイレは、女洗手间

【手を使う単語】
手表(shou3 biao3) 腕時計
手机(shou3 ji1) 携帯電話
洗手间(xi3 shou3 jian1)","《洗》(xi3)は、日本語の「セン」の読みから離れていて、難しめ。

男子トイレは、《男洗手间》
女子トイレは、《女洗手间》

【手を使う単語】
《手表》(shou3 biao3) 腕時計
《手机》(shou3 ji1) 携帯電話
《洗手间》(xi3 shou3 jian1)",キッチン,寝室,しょっぱい,3
洗澡,xi3 zao3,入浴,入浴する、シャワーを浴びる,3,澡(zao3)は、日本語ではソウ・あら(う)・すす(ぐ)・きよ(める)の読みがある。,《澡》(zao3)は、日本語ではソウ・あら(う)・すす(ぐ)・きよ(める)の読みがある。,洗濯する,皿を洗う,溺れる,1
夏,xia4,夏,夏,3,"日本語では、夏は、「カ」「なつ」の読みがある。

【xia】
下(xia4) 下降の下(カ)
夏(xia4) 夏季の夏(カ)","日本語では、夏は、「カ」「なつ」の読みがある。

【xia】
《下》(xia4) 下降の下(カ)
《夏》(xia4) 夏季の夏(カ)",嫌い,兄弟,先祖,1
先,xian1,最初,最初,3,,,安産,安い,冷静,2
香蕉,xiang1 jiao1,バナナ,バナナ,3,"香蕉

日本語でバナナを漢字で書くと甘蕉","《香蕉》

日本語でバナナを漢字で書くと甘蕉",リンゴ,パンダ,ネコ,1
相同,xiang1 tong2,同じ,同じ,3,"【xiang】
香 xiang1
箱 xiang1
想 xiang3
相 xiang1 → xiang4
像 xiang4
向 xiang4
响(響) xiang3

相(1声→4声)・箱(1声)・想(3声)は、相の字が入っている。
向(4声)・响(3声)は、向が入っている。","【xiang】
《香》 xiang1
《箱》 xiang1
《想》 xiang3
《相》 xiang1 → xiang4
《像》 xiang4
《向》 xiang4
《响(響)》 xiang3

《相》(1声→4声)・《箱》(1声)・《想》(3声)は、相の字が入っている。
《向》(4声)・《响》(3声)は、向が入っている。",明日,今日,昨年・去年,2
相信,xiang1 xin4,信じ,信じる、信用する,3,"信

【xiang】
香 xiang1
箱 xiang1
想 xiang3
相 xiang1 → xiang4
像 xiang4
向 xiang4
响(響) xiang3

相(1声→4声)・箱(1声)・想(3声)は、相の字が入っている。
向(4声)・响(3声)は、向が入っている。","信

【xiang】
香 xiang1
箱 xiang1
想 xiang3
相 xiang1 → xiang4
像 xiang4
向 xiang4
响(響) xiang3

相(1声→4声)・箱(1声)・想(3声)は、相の字が入っている。
向(4声)・响(3声)は、向が入っている。",逃げる,飛ぶ,行く,3
像,xiang4,のような,のような、例えば、まるで〜のようだ、写真,3,,,ゾウ(象),象使い,笑う,0
小心,xiao3 xin1,気を付ける,気をつける、注意深い,3,"担心(dan1 xin1) 心配する
小心(xiao3 xin1) 気をつける、注意深い
关心(guan1 xin1) 関心を持つ、気に留める
放心(fang4 xin1) 安心する","《担心》(dan1 xin1) 心配する
《小心》(xiao3 xin1) 気をつける、注意深い
《关心》(guan1 xin1) 関心を持つ、気に留める
《放心》(fang4 xin1) 安心する",安心する,心配する,関心を持つ、気に留める,2
校长,xiao4 zhang3,校長,校長,3,,,学校,校門,千,0
鞋,xie2,靴,靴,3,"日本語で一般的に使われる「靴(くつ)」は右が「化」なので注意。
鞋(アイ・カイ・くつ・(わらじ))

中国では、鞋(xie2)と靴(xuē)は、足首まであるもの・ないもので使い分ける。
鞋子(xie2 zi) 一般的な靴
旅游鞋(lǚ yóu xié) スニーカー
雨靴(yǔ xuē) レインブーツ・レインシューズ
靴子(xuē zi) ブーツ","日本語で一般的に使われる「靴(くつ)」は右が「化」なので注意。
鞋(アイ・カイ・くつ・(わらじ))

中国では、《鞋》(xie2)と《靴》(xuē)は、足首まであるもの・ないもので使い分ける。
《鞋子》(xie2 zi) 一般的な靴
《旅游鞋》(lǚ yóu xié) スニーカー
《雨靴》(yǔ xuē) レインブーツ・レインシューズ
《靴子》(xuē zi) ブーツ",カエル(蛙),泥,革(かわ),2
新闻,xin1 wen2,ニュース,ニュース,3,"新聞(しんぶん)は、报纸(bao4 zhi3)。
新闻(xin1 wen2)は、ニュース。","新聞(しんぶん)は、《报纸》(bao4 zhi3)。
《新闻》(xin1 wen2)は、ニュース。",禁止する,彼ら,タクシー,0
新鲜,xin1 xian1,新鮮,新鮮な,3,,,ニュース,新聞,手紙,1
信,xin4,手紙,手紙、信用する、信じる,3,"【xin】
新(xin1) シン
心(xin1) シン
信(xin4) シン

ンで終わる漢字はn終わり、そうでない漢字はng終わりの傾向。
- 信(シン)はンで終わるので、信(xin4)
- 姓(セイ)はンで終わらないので、姓(xing4)

なお、中国語での「手纸(shǒu zhǐ)」は、
手元に置いて使う紙なので「トイレットペーパー」を意味するので注意。

手纸(shǒu zhǐ) トイレットペーパー
手表(shou3 biao3) 腕時計
手机(shou3 ji1) 携帯電話","【xin】
《新》(xin1) シン
《心》(xin1) シン
《信》(xin4) シン

ンで終わる漢字はn終わり、そうでない漢字はng終わりの傾向。
- 信(シン)はンで終わるので、《信》(xin4)
- 姓(セイ)はンで終わらないので、《姓》(xing4)

なお、中国語での「《手纸》(shǒu zhǐ)」は、
手元に置いて使う紙なので「トイレットペーパー」を意味するので注意。

《手纸》(shǒu zhǐ) トイレットペーパー
《手表》(shou3 biao3) 腕時計
《手机》(shou3 ji1) 携帯電話",トイレットペーパー、信じる、信用する,トイレットペーパー、求める,強い、信用する、信じる,1
行李箱,xing2 li5 xiang1,トランク,キャリーバッグ、スーツケース、トランク,3,"冰箱は、冷蔵庫。
自転車は、自行车(zìxíngchē)。
銀行は「银行(yin2 hang2)」で、行の字の読みが違います。","《冰箱》は、冷蔵庫。
自転車は、《自行车》(zìxíngchē)。
銀行は「《银行》(yin2 hang2)」で、行の字の読みが違います。",してください,けれど,分かれ道,0
兴趣,xing4 qu5,関心,関心,3,,,短い,飛ぶ,歌う,0
熊猫,xiong2 mao1,パンダ,パンダ,3,"猫(mao1)が、ネコ。
熊猫が、パンダ。
大熊猫が、ジャイアント・パンダ。","《猫》(mao1)が、ネコ。
《熊猫》が、パンダ。
《大熊猫》が、ジャイアント・パンダ。",長い,短い,着る・穿く,3
需要,xu1 yao4,必要,必要、必要とする,3,,,キスする,噛む,噛み砕く,0
选择,xuan3 ze2,選ぶ,選ぶ、選択する,3,"选は選の簡体字。
择は、擇(択)の異体字。","《选》は選の簡体字。
《择》は、擇(択)の異体字。",キスする,船,洗濯する,2
眼镜,yan3 jing4,眼鏡,眼鏡,3,"【jing】
睛(jing1) 睛(セイ)
京(jing1) 京(キョウ)
经(jing1) 写経の経(キョウ)
镜(jing4) 鏡(キョウ)
境(jing4) 環境の境(キョウ)
静(jing4) 静寂の静(セイ)
净(jing4) 洗浄の浄(ジョウ)

竟と争が入っていると、jing4と読みそう","【jing】
《睛》(jing1) 睛(セイ)
《京》(jing1) 京(キョウ)
《经》(jing1) 写経の経(キョウ)
《镜》(jing4) 鏡(キョウ)
《境》(jing4) 環境の境(キョウ)
《静》(jing4) 静寂の静(セイ)
《净》(jing4) 洗浄の浄(ジョウ)

竟と争が入っていると、jing4と読みそう",電車,飛行機,タクシー,0
要求,yao1 qiu2,要求する,要求、要求する,3,,,字,子供,大家,0
爷爷,ye2 ye5,祖父,祖父,3,父は、爸爸(ba ba)でしたね。どちらも父の字があります。,父は、《爸爸》(ba ba)でしたね。どちらも父の字があります。,夫婦,恋人,大勢の人々,0
一定,yi2 ding4,絶対,【副詞】絶対に,3,,,【副詞】全部で,怒る,太る,3
一共,yi2 gong4,全部で,【副詞】全部で,3,,,【副詞】一部で,【動詞】まとめる,【名詞】共通,3
一会儿,yi2 hui4 r5,しばらく,しばらく,3,,,将来は,一度会えば,【副詞】絶対に,2
一样,yi2 yang4,のような,のような,3,样(yang4)は、様(ヨウ)の簡体字。,《样》(yang4)は、様(ヨウ)の簡体字。,したがたって,なぜなら,また,2
以后,yi3 hou4,後,以後,3,,,【前置詞】から,なぜならば,まったく,3
以前,yi3 qian2,前,以前,3,,,の,特別な,とりわけ,2
以为,yi3 wei2,考え,考える、認める,3,,,なぜなら,思考,等しい,2
一般,yi4 ban1,一般的な,一般的な、普通は,3,,,とりわけ,特別な,等しい,2
一边,yi4 bian1,片側,片側、一方,3,,,しかし,一方通行,好き,3
一直,yi4 zhi2,真っすぐ,【副詞】一直線に、ずっと,3,,,【副詞】きわめて、ごく,電車のチケット,電車の時刻表,0
音乐,yin1 yue4,音楽,音楽,3,"楽と乐
ガクyue4
ラクle4","楽と《乐》
ガクyue4
ラクle4",決して,対して,笑う,0
银行,yin2 hang2,銀行,銀行,3,自転車は、自行车(zìxíngchē)。行の字の読みが違います。,自転車は、《自行车》(zìxíngchē)。行の字の読みが違います。,苦手,とりわけ,友達,1
应该,ying1 gai1,すべき,【助動詞】〜すべきである，【助動詞】当然〜だ,3,"【助動詞】すべきである。
应は、慶應(けいおう)の應の簡体字。

ツー","【助動詞】すべきである。
《应》は、慶應(けいおう)の應の簡体字。

ツー",ホテル,影響を及ぼす,タクシー,1
影响,ying3 xiang3,影響を及ぼす,影響を及ぼす・影響,3,"响は響の簡体字。

香 xiang1
箱 xiang1
相 xiang4
向 xiang4
响 xiang3
想 xiang3","《响》は響の簡体字。

《香》 xiang1
《箱》 xiang1
《相》 xiang4
《向》 xiang4
《响》 xiang3
《想》 xiang3",ふつうに,飛行機,空港,2
用,yong4,使う,使う・用いる・【前置詞】〜で,3,,,公務員,先生,医者,1
游戏,you2 xi4,ゲーム,ゲーム,3,"游戏(you2 xi4)は、「遊戯(ゆうぎ)」のこと。

【関連】
玩游戏 ゲームで遊ぶ","《游戏》(you2 xi4)は、「遊戯(ゆうぎ)」のこと。

【関連】
《玩游戏》 ゲームで遊ぶ",低い,短い,笑う,0
有名,you3 ming2,有名,有名,3,,,音声,訴え,訴える,2
又,you4,また,また,3,又喝又累(you4 ke3 you4 lei4),《又喝又累》(you4 ke3 you4 lei4),持っている,空,海,3
遇到,yu4 dao4,出会う,出会う,3,,,けれど,生きる,希望,0
愿意,yuan4 yi4,願う,"願う,【助動詞】喜んで〜する",3,愿は、「願」の異体字。,《愿》は、「願」の異体字。,願わくば,願い,情熱,0
月亮,yue4 liang5,月,月,3,"「漂亮(piào・liang)」が、美しい。

日本語でラ行で始まるものは、rではなくlの音が使われます。
亮は「リョウ」でラ行で、 liangなので、この法則が成り立っています。

亮(liang) 亮(リョウ)
乐(le) 楽(ラク、ガク)
了(liao3) 了(リョウ)
两(liang3) 両(リョウ)
零(ling2) 零(レイ)
冷(leng3) 冷(レイ)","「《漂亮》(piào・liang)」が、美しい。

日本語でラ行で始まるものは、rではなくlの音が使われます。
亮は「リョウ」でラ行で、 liangなので、この法則が成り立っています。

《亮》(liang) 亮(リョウ)
《乐》(le) 楽(ラク、ガク)
《了》(liao3) 了(リョウ)
《两》(liang3) 両(リョウ)
《零》(ling2) 零(レイ)
《冷》(leng3) 冷(レイ)",キロメートル,会社,会社員,2
越,yue4,越える,越える,3,,,学校,駅,宿舎,2
云,yun2,雲,言う、話す、雲,3,"雲を簡体字にすると、下の部分のみにして「云」。

雲の簡体字は、云。
云の繁体字が常に雲となるわけではない。
「言う」「話す」の意味の「云」は、そのまま「云」であり、繁体字はない。

日本語でも「云う(いう)」と表記されることはある。","雲を簡体字にすると、下の部分のみにして「《云》」。

雲の簡体字は、《云》。
《云》の繁体字が常に雲となるわけではない。
「言う」「話す」の意味の「云」は、そのまま「云」であり、繁体字はない。

日本語でも「云う(いう)」と表記されることはある。",言う、話す、怒る,言う、話す、逃げる,言う、話す、等,0
站,zhan4,駅,駅,3,,,貼る,けれど,事実,3
长,zhang3,長い,長い,3,,,短い,貼る,大人,1
着急,zhao2 ji2,心配,焦る・いらだつ,3,,,過ぎる,さらに,隠し子,1
照顾,zhao4 gu5,世話,世話をする、配慮する,3,「照顾好自己」は【直訳】自分の世話をして」→【意訳】お体に気をつけて、となる。,「《照顾好自己》」は【直訳】自分の世話をして」→【意訳】お体に気をつけて、となる。,照らす、照明を当てる,反省する、内省する,反省している,1
照片,zhao4 pian4,写真,写真,3,"照片 zhao4 pian4
照相机 zhao4 xiang4 ji1","《照片》 zhao4 pian4
《照相机》 zhao4 xiang4 ji1",語る,高い,安い,2
照相机,zhao4 xiang4 ji1,カメラ,カメラ,3,"照片 zhao4 pian4
照相机 zhao4 xiang4 ji1

【机を使う単語】
飞机(fei1 ji1) 飛行機
机场(ji1 chang3) 空港・飛行場
手机(shou3 ji1) 携帯電話
照相机(zhao4 xiang4 ji1) カメラ","《照片》 zhao4 pian4
《照相机》 zhao4 xiang4 ji1

【机を使う単語】
《飞机》(fei1 ji1) 飛行機
《机场》(ji1 chang3) 空港・飛行場
《手机》(shou3 ji1) 携帯電話
《照相机》(zhao4 xiang4 ji1) カメラ",更地(さらち),リアル,平和,3
只,zhi3,のみ,のみ,3,,,香港,本物,高い,1
中间,zhong1 jian1,真ん中,真ん中、中央の,3,,,中止、中止する,またね,嬉しい,3
终于,zhong1 yu2,遂に,遂に,3,于は、於の簡体字。,《于》は、於の簡体字。,家に帰る,寄り道する,頭がいい,1
种,zhong3,種類,種、【量詞】種・種類,3,种は、種の簡体字,《种》は、種の簡体字,沖,神,木,3
重要,zhong4 yao4,重要,重要な,3,,,ふつうに,飛行機,空港,3
周末,zhou1 mo4,週末,週末,3,,,公務員,先生,医者,0
主要,zhu3 yao4,主要,主要な,3,,,低い,短い,笑う,0
祝,zhu4,祝う,祝う,3,,,音声,訴え,訴える,0
注意,zhu4 yi4,注意を払い,注意を払い,3,,,弟,空,海,3
字典,zi4 dian3,字典,字典,3,词典(ci2 dian)は使うけど、こっちは誤ってそう。,《词典》(ci2 dian)は使うけど、こっちは誤ってそう。,けれど,生きる,希望,0
自己,zi4 ji3,自分の,自分の,3,,,電車,機関車,タクシー,3
总是,zong3 shi4,いつも,いつも,3,"总は、縂・總の簡体字で、総の意味。

一直(yi4 zhi2) 一直線に、ずっと
总是(zong3 shi4) いつも
平时(ping2 shi2) ふだん、平時、平素
经常(jing1 chang2) いつも、常に","《总》は、縂・總の簡体字で、総の意味。

《一直》(yi4 zhi2) 一直線に、ずっと
《总是》(zong3 shi4) いつも
《平时》(ping2 shi2) ふだん、平時、平素
《经常》(jing1 chang2) いつも、常に",キロメートル,会社,会社員,3
最近,zui4 jin4,最近,最近,3,,,学校,駅,宿舎,2
作业,zuo4 ye4,宿題,宿題,3,"业は、業の簡体字。
数学作业 (shu4 xue2 zuo4 ye4) 数学の宿題","《业》は、業の簡体字。
《数学作业》 (shu4 xue2 zuo4 ye4) 数学の宿題",教師、(学校の)先生,病院,正月,2
作用,zuo4 yong4,作用,作用、作用する,3,,,作業、作業する,研究、研究する,宿題、宿題をやる,3
颜色,yan2 se4,,色,3,"颜(yan2) イェン

颜色(yan2 se4)は、顔色(かおいろ)ではなく、色(いろ)。
声音は、声(こえ)ではなく、音(おと)。","《颜》(yan2) イェン

《颜色》(yan2 se4)は、顔色(かおいろ)ではなく、色(いろ)。
《声音》は、声(こえ)ではなく、音(おと)。",テーブル,デスク,子供,1
瓶子,ping2 zi,,ビン,3,音読みは「ビン」と「ン」で終わっているが、ngで終わる珍しい漢字。,音読みは「ビン」と「ン」で終わっているが、ngで終わる珍しい漢字。,ない,買う,もしもし,0
词典,ci2 dian,,辞書,3,ツゥディエン,ツゥディエン,太陽,日,秒,1
关上,guan shang,,閉じる、閉める,3,"关上手机 ケータイをしまう
把书关上。本を閉じる
門を閉める","《关上手机》 ケータイをしまう
《把书关上。》本を閉じる
門を閉める",国内,国外,またね,2
不错,bu4 cuo4,,悪くない、いい,3,bu4 cuo4だから、bu2 cuo4になるのでは。,bu4 cuo4だから、bu2 cuo4になるのでは。,最悪の,戦後の,錯乱する,3
平时,ping2 shi2,,ふだん、平素、平時,3,"一直(yi4 zhi2) 一直線に、ずっと
总是(zong3 shi4) いつも
平时(ping2 shi2) ふだん、平時、平素
经常(jing1 chang2) いつも、常に","《一直》(yi4 zhi2) 一直線に、ずっと
《总是》(zong3 shi4) いつも
《平时》(ping2 shi2) ふだん、平時、平素
《经常》(jing1 chang2) いつも、常に",特別に,平民,起きている間,0
王,wang2,,ワン、オウ,1,中国でトップの名字。,中国でトップの名字。,リ,チョウ,チン,2
李,li3,,リ,1,"中国で2番目に多い苗字。
季節の季に間違えられやすいが、異なる字なので注意。","中国で2番目に多い苗字。
季節の季に間違えられやすいが、異なる字なので注意。",チン,ワン、オウ,チョウ,1
张,zhang3,,チョウ,1,"中国で3番目に多い苗字。
张は、張の簡体字。

量詞としても、よく使われる。HSK2級相当。","中国で3番目に多い苗字。
《张》は、張の簡体字。

量詞としても、よく使われる。HSK2級相当。",リ,ワン、オウ,チン,2
陈,chen2,,チン,1,"中国で5番目に多い苗字。
陈は、陳の簡体字。日本語の「東」は、中国語で「东」と書く。","中国で5番目に多い苗字。
《陈》は、陳の簡体字。日本語の「東」は、中国語で「《东》」と書く。",リ,リ,チョウ,0
李老师,li lao shi,,李先生,1,"中国で2番目に多い苗字。
老师は、先生(teacher)の意味。


李は、季節の季に間違えられやすいが、異なる字なので注意。","中国で2番目に多い苗字。
《老师》は、先生(teacher)の意味。


《李》は、季節の季に間違えられやすいが、異なる字なので注意。",李弁護士,李博士,ドクター李,1
赵,zhao4,,趙(チョウ),1,"中国で8番目に多い苗字。
赵は、趙の簡体字。
张(zhang1)さんも日本語だと張(ちょう)さんなので、紛らわしいかも。","中国で8番目に多い苗字。
《赵》は、趙の簡体字。
《张》(zhang1)さんも日本語だと張(ちょう)さんなので、紛らわしいかも。",李(リ),王(ワン、オウ),陳(チン),1
小李,xiao3 li3,,(同年代か年下の)李さん,1,"李は、中国で2番目に多い苗字。
季節の季に間違えられやすいが、異なる字なので注意。

小(xiao3)は、親しい間柄で使う敬称で、年上に対して使う敬称ではないので注意。
「さん」は苦し紛れの訳。","李は、中国で2番目に多い苗字。
季節の季に間違えられやすいが、異なる字なので注意。

《小》(xiao3)は、親しい間柄で使う敬称で、年上に対して使う敬称ではないので注意。
「さん」は苦し紛れの訳。",(年上の)李さん,張さん,陳さん,3
小赵,xiao3 zhao4,,(同年代か年下の)趙さん,1,"赵は、中国で8番目に多い苗字。
赵は、趙の簡体字。
张(zhang1)さんも日本語だと張(ちょう)さんなので、紛らわしいかも。

小(xiao3)は、親しい間柄で使う敬称で、年上に対して使う敬称ではないので注意。
「さん」は苦し紛れの訳。","《赵》は、中国で8番目に多い苗字。
《赵》は、趙の簡体字。
《张》(zhang1)さんも日本語だと張(ちょう)さんなので、紛らわしいかも。

《小》(xiao3)は、親しい間柄で使う敬称で、年上に対して使う敬称ではないので注意。
「さん」は苦し紛れの訳。",(年上の)趙さん,(年上の)張さん,(同年代か年下の)張さん,3
李明,li3 ming,,李明(リ・メイ),1,李明という人の名前。李が名字。,《李明》という人の名前。李が名字。,李さん,李先生,ドクター李,3
小猫,xiao3 mao1,,子猫,1,"子猫
ハムスターは、「仓鼠」など最後に「鼠」の字がつきます。","子猫
ハムスターは、「《仓鼠》」など最後に「《鼠》」の字がつきます。",子犬,パンダ,ハムスター,2
狗狗,gou3 gou,,犬,1,犬に対する呼びかけにも使う,犬に対する呼びかけにも使う,ネコ,パンダ,狐(キツネ),1
小狗,xiao3 gou3,,子犬,2,,,子猫,天狗(てんぐ),ミニチュア・ダックスフンド,2
多休息,duo1 xiu1 xi5,休息,よく休んで・よく休む,2,,,祝日,急死,人間,0
多穿些衣服,duo1 chuan1 xie1 yi1 fu,,暖かい格好にしなさい,2,"穿(chuan1)が、「着る・穿く」の意味。
直訳すると「もっと服を着て」と言っており、
厚着などして暖かい格好にするように言うフレーズです。","《穿》(chuan1)が、「着る・穿く」の意味。
直訳すると「もっと服を着て」と言っており、
厚着などして暖かい格好にするように言うフレーズです。",たくさん破けた服,服を何度も試着する,服が破れてしまった,1
"都九点五十了, 你怎么还没来?",,,もう9時50分なのに、どうして来てないんですか？,2,"「都〜了，（どうして○○しないの）」は「もう〜なのに、（どうして○○しないの、さっさと○○して）」という構文です。
「都〜了」が不満のニュアンスがあり主観的なのに対して、「已经〜了」は客観的な物言いです。","「《都〜了》，（どうして○○しないの）」は「もう〜なのに、（どうして○○しないの、さっさと○○して）」という構文です。
「《都〜了》」が不満のニュアンスがあり主観的なのに対して、「已经〜了」は客観的な物言いです。",もう9時5分なのに、どうして来てないんですか？,まだ9時5分なのに、どうして来てるんですか？,まだ9時50分なのに、どうして来てるんですか？,1
这么,zhe4 me,,こんなに、このように,3,"这么 + Adj(形容詞) こんなにAdj
这么 + V(動詞) このようにVする","《这么》 + Adj(形容詞) こんなにAdj
《这么》 + V(動詞) このようにVする",これ,これ、ここ,ここ,1
那么,na4 me,,あんなに、あのように,3,"那么 + Adj(形容詞) あんなにAdj
那么 + V(動詞) あのようにVする","《那么》 + Adj(形容詞) あんなにAdj
《那么》 + V(動詞) あのようにVする",あれ,あれ、あそこ,あそこ,0
你好,ni3 hao3,,こんにちは、すみません(飲食店の店員さん等の知らない人へ声かけるとき等),1,"「すみません」は「不好意思(bu4 hao3 yi4 s1)」と直訳されることが多いが、
飲食店で店員さんを呼ぶ場合など知らない人に声をかけたいとき実際に「你好」がよく使われる。

【その他】
「ありがとうございます」は、谢谢(xie3 xie3)。
中国では「いただきます」をいう習慣はない。","「すみません」は「《不好意思》(bu4 hao3 yi4 s1)」と直訳されることが多いが、
飲食店で店員さんを呼ぶ場合など知らない人に声をかけたいとき実際に「《你好》」がよく使われる。

【その他】
「ありがとうございます」は、《谢谢》(xie3 xie3)。
中国では「いただきます」をいう習慣はない。",こんにちは、誠に申し訳ございません,ありがとうございます,いただきます,1
出去,chu3 qu4,,でていく、外にでていく,2,動詞 + 方向補語,動詞 + 方向補語,出世する,出願する,出前を取る,1
没什么,mei2 shen2 me,,何でもありません、大丈夫です、お構いなく,2,,,何かなくした,いいね,その通りです,2
没事儿,mei2 shir4,,なんでも無い、大したことない,2,"儿はあってもなくても意味は変わらない。

大事じゃない、みたいな意味合い。","《儿》はあってもなくても意味は変わらない。

大事じゃない、みたいな意味合い。",何かなくした,いいね,その通りです,3
一点儿,yi1 dianr3,,ちょっと、少し〜,2,,,1時間,ほとんど〜ない,いいね,0
后天,hou4 tian1,,明後日(あさって),2,,,昨日,一昨日(おととい),明日,3
茶馆,cha1 guan3,,(中国式の)喫茶店,2,"茶馆儿でも意味は変わらない。

【お店】
宾馆(bin1 guan3) ホテル
饭馆(fan4 guan3) レストラン
茶馆(cha1 guan3) 喫茶店
图书馆(tu2 shu1 guan3) 図書館","《茶馆儿》でも意味は変わらない。

【お店】
《宾馆》(bin1 guan3) ホテル
《饭馆》(fan4 guan3) レストラン
《茶馆》(cha1 guan3) 喫茶店
《图书馆》(tu2 shu1 guan3) 図書館",茶畑,キッチン、厨房,ホテル,0
我做妈妈,wo3 zuo4 ma1 ma,,私は母です(子供がいます),2,,,私はおままごとをする,買い物をする,ホテルに行く,2
多长时间,duo1 chang2 shi2 jian1,,どのくらいの時間,2,,,いつですか,どれだけ長い距離ですか,長過ぎる,3
快要～了,kuai4 yao1～le,,もうすぐ〜しそうだ,2,"もうすぐ〜しそうだ。
快要～了
快～了
要～了
就要～了
「快」の字がつくほど、差し迫っているニュアンスがでる。

我的手机快要没电了
もうケータイの電池がなくなってしまいそうだ。

电が、電気の電の簡体字で、電気を意味する。
没电で、電気がない。","もうすぐ〜しそうだ。
《快要～了》
《快～了》
《要～了》
《就要～了》
「《快》」の字がつくほど、差し迫っているニュアンスがでる。

《我的手机快要没电了》
もうケータイの電池がなくなってしまいそうだ。

《电》が、電気の電の簡体字で、電気を意味する。
《没电》で、電気がない。",もう〜しないで,今は〜する必要ない,もう〜するには遅かった,0
打开,da3 kai1,,(ドア・ふたを)開ける、電気をつける、打開する,2,動詞 + 方向補語,動詞 + 方向補語,真っ平らになるぐらいに壊す,侵入する,開業する、儲ける,2
眼药水,yan3 yao4 shui3,,目薬,3,药が、クスリの意味。水はあってもなくてもいい。,《药》が、クスリの意味。水はあってもなくてもいい。,メロンジュース,青汁,潤滑油,2
越来越〜(了),yue lai yue ~ (le),,ますます〜する,3,,,〜しすぎる,絶対に〜しない,比較的〜する,0
五颜六色,wǔ yán liù sè,,色とりどり,3,「颜色(yan2 se4)」で「色(いろ)」の意味,「《颜色》(yan2 se4)」で「色(いろ)」の意味,顔色が悪い,顔色がいい,雰囲気がいい,3
星期日,xin1 qi1 ri2,,日曜日,3,"星期天とも。
土曜日までは、星期六まで。","《星期天》とも。
土曜日までは、《星期六》まで。",休日,祭日,満天の星空,1
腿脚,tui3 jiao3,,脚、歩行能力,3,"脚全体、また、歩行能力のこと。
漢字に使われている「月」は、「にくづき」といい、肉体を表すもの。","脚全体、また、歩行能力のこと。
漢字に使われている「《月》」は、「にくづき」といい、肉体を表すもの。",退却、退却する,肉体,走る,1
花,hua1,,(金・時間・力を)費やす、支払う,3,,,お酒を飲む,運動をする,徹夜する,0
太阳镜,tai4 yang2 jing4,,サングラス,3,"太阳(tai4 yang2)が、太陽(たいよう)の意味。

【関連用語】
眼镜(yan3 jing4) メガネ(眼鏡)","《太阳》(tai4 yang2)が、太陽(たいよう)の意味。

【関連用語】
《眼镜》(yan3 jing4) メガネ(眼鏡)",双眼鏡,太平洋,サンオイル,1
苹果汁,ping2 guo3 zhi1,,りんごジュース,3,"【飲み物】
牛奶(niu2 nai3)  牛乳
茶(cha2) お茶
咖啡(ka1 fei1) コーヒー
啤酒(pi2 jiu3) ビール
果汁(guo3 zhi1) ジュース
苹果汁(ping2 guo3 zhi1) リンゴジュース","【飲み物】
《牛奶》(niu2 nai3)  牛乳
《茶》(cha2) お茶
《咖啡》(ka1 fei1) コーヒー
《啤酒》(pi2 jiu3) ビール
《果汁》(guo3 zhi1) ジュース
《苹果汁》(ping2 guo3 zhi1) リンゴジュース",ビール,ジュース,牛乳,1
一家电脑公司,,,あるコンピュータ会社,3,家は量詞で、家や会社などを数えるときに使います。,《家》は量詞で、家や会社などを数えるときに使います。,ある家族はコンピュータに詳しい,あるコンピュータ社長,ある家のパソコンは古い,2
我也不太清楚,,,私もよく知りません,3,"「也」が、「私も」の「も」の意味。
「清楚」が「わかる、知っている」という意味。
「太」が「とても」という副詞。
「太清楚」で、「とても知っている」。
これが「不」で否定されているので、「よく知らない」となる。","「《也》」が、「私も」の「も」の意味。
「《清楚》」が「わかる、知っている」という意味。
「《太》」が「とても」という副詞。
「《太清楚》」で、「とても知っている」。
これが「《不》」で否定されているので、「よく知らない」となる。",私もそんなにキレイ好きではないです,私も汚いです,私も痩せてるし綺麗です,3
明年,ming2 nian2,,来年,2,"「明日(あした)」は、「明天(ming2 tian1)」
「来年(らいねん)」は、「明年(ming2 nian2)」","「明日(あした)」は、「《明天》(ming2 tian1)」
「来年(らいねん)」は、「《明年》(ming2 nian2)」",明日,去年,昨日,0
几乎,ji1 hu,,【副詞】ほとんど,2,,,【副詞】わずかに,【副詞】微塵も〜ない,【副詞】確実に,2
家人,jia1 ren2,,家族、身内,3,"我的家人： 私の家族
我和家人： 私と家族",,ひきこもり、ゲーマー,妻、家来、仕えている人,消極的な人,3