年度,回,科目,Q,title,statement,ans,o1,o2,o3,o4,o5,o6,in_order,tag1,tag2,tag3,explanation
R02,1,企業法,1,R02年Ⅰ短答式企業法-01,"営業を譲渡した商人（以下，「譲渡人」という。）と営業を譲り受けた商人（以下，「譲受人」という。）の法律関係に関する次の記述のうち，正しいものの組合せとして最も適切な番号を一つ選びなさい。（5点）
ア．譲渡人は，当事者が別段の意思表示をしても，同一の市町村の区域内及びこれに隣接する市町村の区域内においては，その営業を譲渡した日から20年間は，同一の営業を行ってはならない。
イ．譲渡人がその営業を譲渡した日から10年間同一の営業を行わない旨の特約をした場合，当該特約は無効である。
ウ．譲渡人が残存債権者を害することを知って営業を譲渡し，当該営業の譲渡の効力が生じた時において譲受人が残存債権者を害することを知っていたときは，残存債権者は，譲受人に対して，承継した財産の価額を限度として，当該債務の履行を請求することができる。
エ．譲受人が，譲渡人の商号を引き続き使用しない場合においても，譲渡人の営業によって生じた債務を引き受ける旨の広告をしたときは，譲渡人の債権者は，その譲受人に対して弁済の請求をすることができる。",6,アイ,アウ,アエ,イウ,イエ,ウエ,TRUE,企業法,CPA,公認会計士,
R02,1,企業法,2,R02年Ⅰ短答式企業法-02,"商人の報酬に関する次の記述のうち，正しいものの組合せとして最も適切な番号を一つ選びなさい。なお，商法の規定を変更し，又は排除する特約はないものとする。（5点）
ア．商人がその営業の範囲内において他人のために行為をした場合であっても，契約上報酬を定めていない限り，当該他人に報酬を請求することはできない。
イ．宅地建物取引業者の媒介により，店舗の所有者と小売業者との間で当該店舗の賃貸借契約が成立した場合，当該宅地建物取引業者は当該賃貸借契約の当事者双方に報酬を半額ずつ請求することができる。
ウ．物品運送契約において運送賃を支払う義務を負うのは運送契約の当事者である荷送人であるから，運送品を受け取った荷受人が運送人に運送賃の支払義務を負うことはない。
エ．倉庫営業者が寄託物の一部を出庫するときは，出庫の割合に応じて，保管料の支払を請求することができる。",5,アイ,アウ,アエ,イウ,イエ,ウエ,TRUE,企業法,CPA,公認会計士,
R02,1,企業法,3,R02年Ⅰ短答式企業法-03,"株式会社の設立（会社法第五編「組織変更，合併，会社分割，株式交換及び株式移転」によるものを除く。）に関する次の記述のうち，正しいものの組合せとして最も適切な番号を一つ選びなさい。（5点）
ア．株式会社の設立に当たり発起人が作成し，その全員が署名又は記名押印した定款は，公証人の認証を受けなければ，その効力を生じない。
イ．募集設立の場合において，株式会社の成立により発起人が受ける報酬及びその発起人の氏名又は名称が定款に記載又は記録されていないときは，これを創立総会の決議により定めることができる。
ウ．発起人が，その引き受けた設立時発行株式につき，金銭以外の財産を出資の目的とする場合，発起人の全員の同意があるときは，登記，登録その他権利の設定又は移転を第三者に対抗するために必要な行為は，株式会社の成立後にすることができる。
エ．発起人がその債権者を害することを知って株式会社を設立した場合には，当該債権者は，当該株式会社の成立の日から2年以内に，当該株式会社の設立の取消しの訴えを提起することができる。",2,アイ,アウ,アエ,イウ,イエ,ウエ,TRUE,企業法,CPA,公認会計士,
R02,1,企業法,4,R02年Ⅰ短答式企業法-04,"株券に関する次の記述のうち，正しいものの組合せとして最も適切な番号を一つ選びなさい。（5点）
ア．無権利者から善意でかつ重大な過失なく株券の交付を受けた者は，当該株券に係る株式についての権利を取得する。
イ．株券発行会社が自己株式の処分による株式の譲渡をする場合，当該株式に係る株券の交付がなくても，当該譲渡の効力が生じる。
ウ．最高裁判所の判例によれば，株券発行会社が，会社法が定める株券としての形式を具備した文書を作成すれば，株主に当該文書を交付しなくても，当該文書は株券としての効力を生じる。
エ．株券喪失登録がなされた株券は，当該株券喪失登録が抹消されない限り，株券喪失登録日の翌日から起算して1年を経過した後に，裁判所の決定によって無効となる。",1,アイ,アウ,アエ,イウ,イエ,ウエ,TRUE,企業法,CPA,公認会計士,
R02,1,企業法,5,R02年Ⅰ短答式企業法-05,"特別支配株主の株式等売渡請求に関する次の記述のうち，正しいものの組合せとして最も適切な番号を一つ選びなさい。（5点）
ア．特別支配株主が売渡株式を取得するときに，売渡株主に対して交付する当該売渡株式の対価は，金銭に限られない。
イ．取締役会設置会社の特別支配株主が株式売渡請求をしようとするときは，当該取締役会設置会社の株主総会の特別決議による承認を受けなければならない。
ウ．株式売渡請求が法令に違反する場合において，売渡株主が不利益を受けるおそれがあるときは，当該売渡株主は，特別支配株主に対し，当該株式等売渡請求に係る売渡株式等の全部の取得をやめることを請求することができる。
エ．株式等売渡請求に係る売渡株式等の全部の取得の無効は，訴えをもってのみ主張することができる。",6,アイ,アウ,アエ,イウ,イエ,ウエ,TRUE,企業法,CPA,公認会計士,
R02,1,企業法,6,R02年Ⅰ短答式企業法-06,"公開会社の募集株式の発行に関する次の記述のうち，正しいものの組合せとして最も適切な番号を一つ選びなさい。（5点）
ア．募集株式の引受人が現物出資財産を給付する場合，当該引受人に割り当てる株式の総数が発行済株式の総数の10分の1を超えないときは，当該現物出資財産の価額について，検査役の調査を要しない。
イ．募集株式の引受人は，出資の履行をする債務と株式会社に対する債権とを相殺することができる。
ウ．募集株式の払込金額の払込みを仮装した引受人から当該募集株式を善意でかつ重大な過失なく譲り受けた者は，当該引受人が仮装した払込金額につき支払がされた後でなければ，当該募集株式についての株主の権利を行使することができない。
エ．最高裁判所の判例の趣旨によれば，払込金額が募集株式の引受人に特に有利な金額であるために株主総会の特別決議が必要である場合において，株主総会の特別決議を経ることなく，当該募集株式が発行されたものであっても，その瑕疵は，当該募集株式の発行の無効原因とはならない。",3,アイ,アウ,アエ,イウ,イエ,ウエ,TRUE,企業法,CPA,公認会計士,
R02,1,企業法,7,R02年Ⅰ短答式企業法-07,"株式会社の機関に関する次の記述のうち，正しいものの組合せとして最も適切な番号を一つ選びなさい。（5点）
ア．株式会社は，2人以上の取締役を置かなければならない。
イ．会計監査人設置会社は，定款の定めによって会計参与を置くことができる。
ウ．監査等委員会設置会社は，監査役を置いてはならない。
エ．指名委員会等設置会社の監査委員会は，監査委員の中から常勤の監査委員を選定しなければならない。",4,アイ,アウ,アエ,イウ,イエ,ウエ,TRUE,企業法,CPA,公認会計士,
R02,1,企業法,8,R02年Ⅰ短答式企業法-08,"株主総会又は株主総会の決議に関する次の記述のうち，正しいものの組合せとして最も適切な番号を一つ選びなさい。（5点）
ア．株式会社は，定款で定めることにより，株主総会の普通決議の要件を，出席した株主の議決権の過半数より引き下げることができる。
イ．法定の要件を満たす株主の申立てに基づき，株主総会に係る招集の手続及び決議の方法を調査させるための検査役が裁判所により選任された場合に，当該検査役は，必要な調査を行い，当該調査の結果を記載した書面を当該株主に提供して，報告をしなければならない。
ウ．株主総会の決議による会計監査人の解任は，定款に別段の定めがない限り，普通決議によりなされる。
エ．退任取締役に対し退職慰労金を支給する旨の株主総会の決議について，当該退任取締役が株主である場合，当該株主は議決権を行使することができる。",6,アイ,アウ,アエ,イウ,イエ,ウエ,TRUE,企業法,CPA,公認会計士,
R02,1,企業法,9,R02年Ⅰ短答式企業法-09,"株主総会等の決議の取消しに関する次の記述のうち，正しいものの組合せとして最も適切な番号を一つ選びなさい。（5点）
ア．株主が株主総会等の決議の取消しの訴えを提起し，被告である株式会社が当該株主に相当の担保を立てさせることを裁判所に申し立てた場合に，当該株主が当該株式会社の執行役であるときは，裁判所は担保の提供を命じることはできない。
イ．株主総会の決議の内容が定款に違反することは，当該決議の取消事由に該当する。
ウ．最高裁判所の判例によれば，議案を否決する株主総会の決議について，当該決議の取消しを請求する訴えは，適法である。
エ．全部取得条項付種類株式の取得が行われた場合に，これにより株主の地位を失った者は，当該全部取得条項付種類株式の取得を決定した株主総会の決議について，当該決議の取消しの訴えの原告適格を有しない。",1,アイ,アウ,アエ,イウ,イエ,ウエ,TRUE,企業法,CPA,公認会計士,
R02,1,企業法,10,R02年Ⅰ短答式企業法-10,"代表取締役に関する次の記述のうち，正しいものの組合せとして最も適切な番号を一つ選びなさい。（5点）
ア．取締役会を設置しない株式会社は，定款の定めに基づく取締役の互選によって，取締役の中から代表取締役を定めることができる。
イ．株式会社は，代表取締役がその職務を行うについて第三者に加えた損害を賠償する責任を負う。
ウ．監査役設置会社である取締役会設置会社において，取締役会は，支配人その他の重要な使用人の選任及び解任の決定を代表取締役に委任することができる。
エ．代表取締役の解職により，株式会社の代表取締役が欠けた場合には，新たに選定された代表取締役が就任するまで，解職された当該代表取締役は，なお代表取締役としての権利義務を有する。",1,アイ,アウ,アエ,イウ,イエ,ウエ,TRUE,企業法,CPA,公認会計士,
R02,1,企業法,11,R02年Ⅰ短答式企業法-11,"監査等委員会設置会社における役員等の報告義務に関する次の記述のうち，正しいものの組合せとして最も適切な番号を一つ選びなさい。（5点）
ア．取締役は，株式会社に著しい損害を及ぼすおそれのある事実があることを発見したときは，直ちに，当該事実を株主に報告しなければならない。
イ．会計参与は，その職務を行うに際して取締役の職務の執行に関し不正の行為又は法令若しくは定款に違反する重大な事実があることを発見したときは，遅滞なく，これを取締役会に報告しなければならない。
ウ．取締役，会計参与又は会計監査人が監査等委員の全員に対して監査等委員会に報告すべき事項を通知したときは，当該事項を監査等委員会へ報告することを要しない。
エ．会計監査人は，その職務を行うに際して取締役の職務の執行に関し不正の行為又は法令若しくは定款に違反する重大な事実があることを発見したときは，遅滞なく，これを監査等委員会に報告しなければならない。",6,アイ,アウ,アエ,イウ,イエ,ウエ,TRUE,企業法,CPA,公認会計士,
R02,1,企業法,12,R02年Ⅰ短答式企業法-12,"指名委員会等設置会社に関する次の記述のうち，正しいものの組合せとして最も適切な番号を一つ選びなさい。（5点）
ア．取締役会は，代表取締役を選定することができない。
イ．指名委員会は，株主総会に提出する会計監査人の選任及び解任並びに会計監査人を再任しないことに関する議案の内容を決定する。
ウ．報酬委員会は，執行役の個人別の報酬の内容を決定するに際し，執行役が当該指名委員会等設置会社の支配人その他の使用人を兼ねているときは，使用人分の報酬についても決定する。
エ．執行役は，取締役を兼ねることができない。",2,アイ,アウ,アエ,イウ,イエ,ウエ,TRUE,企業法,CPA,公認会計士,
R02,1,企業法,13,R02年Ⅰ短答式企業法-13,"株式会社が剰余金の配当を行う場合の分配可能額の計算に関する次の記述のうち，当該剰余金の配当が効力を生ずる日における剰余金の額から減じなければならない額の組合せとして最も適切な番号を一つ選びなさい。なお，当該株式会社の最終事業年度の末日後において臨時計算書類は作成されなかったものとする。（5点）
ア．最終事業年度の末日後に生じた特別損失の額
イ．自己株式の帳簿価額
ウ．最終事業年度の末日後に自己株式を処分した場合における当該自己株式の対価の額
エ．最終事業年度の末日後に自己株式の消却をした場合における当該自己株式の帳簿価額",4,アイ,アウ,アエ,イウ,イエ,ウエ,TRUE,企業法,CPA,公認会計士,
R02,1,企業法,14,R02年Ⅰ短答式企業法-14,"株式会社がその財産を株主に交付し，その交付した日が属する事業年度（その事業年度の直前の事業年度が最終事業年度でないときは，その事業年度の直前の事業年度）に係る定時株主総会で承認された計算書類に欠損が生じた場合に，その交付に関する職務を行った代表取締役が当該欠損額を支払う義務を負うことがある。次の記述のうち，その職務に係る行為に該当するものの組合せとして最も適切な番号を一つ選びなさい。（5点）
ア．準備金の額を減少する決議を行った株主総会において，当該準備金の減少額の全部を配当することを定めた場合における剰余金の配当
イ．全部取得条項付種類株式の取得日における当該株式会社の株式の取得
ウ．譲渡制限株式の株主からの請求に基づく譲渡承認をしない旨の決定をした場合において，当該株主からの株式買取請求に応じて行う当該株式会社の株式の買取り
エ．定時株主総会において剰余金の配当に関する事項を定める場合における剰余金の配当",4,アイ,アウ,アエ,イウ,イエ,ウエ,TRUE,企業法,CPA,公認会計士,
R02,1,企業法,15,R02年Ⅰ短答式企業法-15,"持分会社に関する次の記述のうち，正しいものの組合せとして最も適切な番号を一つ選びなさい。（5点）
ア．有限責任社員が持分会社の債務を弁済する責任を負う場合には，その責任は未履行の出資の価額を限度とする。
イ．社員が持分会社の債務を弁済する責任を負う場合には，当該社員は，当該持分会社が主張することができる抗弁をもって当該持分会社の債権者に対抗することができない。
ウ．社員が金銭を出資の目的とした場合において，その出資をすることを怠ったときは，当該社員は，その利息を支払うほか，損害の賠償をしなければならない。
エ．持分会社は，その持分の全部又は一部を譲り受けることができる。",2,アイ,アウ,アエ,イウ,イエ,ウエ,TRUE,企業法,CPA,公認会計士,
R02,1,企業法,16,R02年Ⅰ短答式企業法-16,"社債に関する次の記述のうち，正しいものの組合せとして最も適切な番号を一つ選びなさい。（5点）
ア．株式会社が，新たに発行する社債券につき，50名以上の者に対して取得の申込みの勧誘をする場合には，原則として有価証券届出書を内閣総理大臣に提出しなければならない。
イ．社債権者集会は，その招集通知において社債権者集会の目的である事項として記載されていない事項についても決議することができる。
ウ．社債権者集会の決議は，裁判所の認可を受けなければ，その効力を生じない。
エ．社債発行会社は，社債管理者が社債権者集会の決議によらずに，当該社債の全部について破産手続に属する行為をすることができる旨を定めることはできない。",2,アイ,アウ,アエ,イウ,イエ,ウエ,TRUE,企業法,CPA,公認会計士,
R02,1,企業法,17,R02年Ⅰ短答式企業法-17,"組織変更に関する次の記述のうち，正しいものの組合せとして最も適切な番号を一つ選びなさい。（5点）
ア．持分会社は，定款に別段の定めがある場合は，総社員の同意を得ることなく，組織変更をすることができる。
イ．株式会社が組織変更をする場合には，反対株主は，当該株式会社に対し，自己の有する株式を公正な価格で買い取ることを請求することができる。
ウ．組織変更をする株式会社は，組織変更計画備置開始日から組織変更がその効力を生ずる日後6か月を経過する日までの間，法定の事項を記載し，又は記録した書面又は電磁的記録をその本店に備え置かなければならない。
エ．組織変更について承認をしなかった債権者は，当該組織変更の効力が生じた日から6か月以内に当該組織変更の無効の訴えを提起することができる。",3,アイ,アウ,アエ,イウ,イエ,ウエ,TRUE,企業法,CPA,公認会計士,
R02,1,企業法,18,R02年Ⅰ短答式企業法-18,"吸収合併に関する次の記述のうち，正しいものの組合せとして最も適切な番号を一つ選びなさい。なお，吸収合併の当事会社は，いずれも種類株式発行会社でない株式会社であるものとする。（5点）
ア．吸収合併存続株式会社は，吸収合併契約等備置開始日から吸収合併がその効力を生ずる日までの間，法定の事項を記載し，又は記録した書面又は電磁的記録をその本店に備え置かなければならない。
イ．吸収合併契約においては，吸収合併存続株式会社が吸収合併消滅株式会社の株主に対してその株式に代わる金銭を交付することを定めることはできない。
ウ．吸収合併消滅株式会社において，新株予約権買取請求に係る新株予約権の買取りは，吸収合併の効力発生日に，その効力を生ずる。
エ．吸収合併の無効の訴えに係る請求を認容する判決が確定したときは，吸収合併をした会社は，当該吸収合併の効力が生じた日後に吸収合併後存続する会社が負担した債務について，連帯して弁済する責任を負う。",6,アイ,アウ,アエ,イウ,イエ,ウエ,TRUE,企業法,CPA,公認会計士,
R02,1,企業法,19,R02年Ⅰ短答式企業法-19,"有価証券報告書等に関する次の記述のうち，正しいものの組合せとして最も適切な番号を一つ選びなさい。（5点）
ア．金融商品取引所に上場されている特定上場有価証券の発行者である会社は，有価証券報告書を提出する義務を負わない。
イ．内閣総理大臣は，有価証券の発行者である会社の資本金の額が有価証券報告書を提出しなくても公益又は投資者保護に欠けることがないと認めたときは，当該会社の有価証券報告書の提出義務を免除することができる。
ウ．有価証券報告書には，有価証券の募集又は売出しに関する事項を記載しなければならない。
エ．有価証券報告書を提出しなければならない会社は，その会社が発行者である有価証券の募集又は売出しが外国において行われるとき，その内容を記載した臨時報告書を，遅滞なく，内閣総理大臣に提出しなければならない。",3,アイ,アウ,アエ,イウ,イエ,ウエ,TRUE,企業法,CPA,公認会計士,
R02,1,企業法,20,R02年Ⅰ短答式企業法-20,"有価証券の発行登録に関する次の記述のうち，正しいものの組合せとして最も適切な番号を一つ選びなさい。（5点）
ア．発行登録を行った有価証券の募集は，当該有価証券の発行者がその募集に関し内閣総理大臣に募集の届出をしているものでなければ，することができない。
イ．発行登録を行った有価証券の発行者は，必要があるときは，有価証券報告書を提出する義務の消滅後においても，引き続き有価証券報告書及びその添付書類を提出することができる。
ウ．発行登録に係る有価証券の発行予定期間は，当該発行登録の効力が生じた日から起算して当該日の属する事業年度の末日を超えない期間としなければならない。
エ．発行登録に係る有価証券の発行予定期間を経過する日前において発行予定額全額の有価証券の募集が終了したときは，発行登録者は，当該発行登録を取り下げなければならない。",5,アイ,アウ,アエ,イウ,イエ,ウエ,TRUE,企業法,CPA,公認会計士,
R01,2,企業法,1,R01年Ⅱ短答式企業法-01,"小商人を除く個人商人（以下，「商人」という。）に関する次の記述のうち，正しいものの組合せとして最も適切な番号を一つ選びなさい。（5点）
ア．商法上，登記するかどうかが当事者の任意に委ねられている事項であっても，一度登記された当該事項に変更が生じたときは，当該当事者は，変更の登記をしなければならない。
イ．Aが不正の目的をもって，商人Bであると誤認されるおそれのある商号を使用した場合において，これにより営業上の利益を侵害された商人Bは，自己の商号を登記していないときには，営業上の利益を侵害したAに対し，当該侵害の停止を請求することができない。
ウ．最高裁判所の判例の趣旨によれば，名板貸人は，名板借人が当該名板貸人と業種の異なる営業を行うときは，特段の事情のない限り，名板貸人としての責任を負わない。
エ．支配人が，自ら営業を行うことにつき商人の許可を受けた場合，当該営業によって当該支配人が得た利益の額は，当該商人に生じた損害の額と推定される。",2,アイ,アウ,アエ,イウ,イエ,ウエ,TRUE,企業法,CPA,公認会計士,
R01,2,企業法,2,R01年Ⅱ短答式企業法-02,"商行為に関する次の記述のうち，正しいものの組合せとして最も適切な番号を一つ選びなさい。なお，商法の規定を変更し，又は排除する特約はないものとする。（5点）
ア．最高裁判所の判例によれば，不動産は，商法521条が商人間の留置権の目的物として定める「物」に当たる。
イ．交互計算は，商人と商人でない者との間で平常取引をする場合においては，その効力を生じない。
ウ．荷受人は，運送品が到達地に到着したときは，物品運送契約によって生じた荷送人の権利と同一の権利を取得する。
エ．問屋は，取引所の相場がない物品の販売又は買入れの委託を受けたときは，委託者に通知をすることにより，自ら買主又は売主となることができる。",2,アイ,アウ,アエ,イウ,イエ,ウエ,TRUE,企業法,CPA,公認会計士,
R01,2,企業法,3,R01年Ⅱ短答式企業法-03,"株式会社の設立に関する次の記述のうち，正しいものの組合せとして最も適切な番号を一つ選びなさい。（5点）
ア．発起設立において定款で設立時取締役として定められた者は，出資の履行が完了した時に，設立時取締役に選任されたものとみなされる。
イ．最高裁判所の判例によれば，定款に記載のない財産引受けが行われた場合，株式会社のみがその無効を主張でき，相手方は主張できない。
ウ．募集設立において定款に現物出資の記載がある場合，設立時取締役は，裁判所に対し，検査役の選任の申立てをしなければならない。
エ．株式会社の成立の時における現物出資財産等の価額が当該現物出資財産等について定款に記載された価額に著しく不足する場合の責任は，株主による責任追及等の訴えの対象となる。",3,アイ,アウ,アエ,イウ,イエ,ウエ,TRUE,企業法,CPA,公認会計士,
R01,2,企業法,4,R01年Ⅱ短答式企業法-04,"株式に関する次の記述のうち，正しいものの組合せとして最も適切な番号を一つ選びなさい。（5点）
ア．新株発行の無効の訴えを提起する権利は，少数株主権である。
イ．公開会社でない株式会社は，全ての株主に対して，その有する株式の数にかかわらず，同額の剰余金の配当を受ける権利を与える旨を定款に定めることができる。
ウ．公開会社でない監査等委員会設置会社は，種類株主総会において監査等委員である取締役又はそれ以外の取締役を選任することを内容とする種類株式を発行する旨を定款に定めることができる。
エ．公開会社でない株式会社が定款を変更して発行可能株式総数を増加させる場合，当該定款の変更後の発行可能株式総数は，当該定款の変更が効力を生じた時における発行済株式の総数の4倍を超えることができない。",4,アイ,アウ,アエ,イウ,イエ,ウエ,TRUE,企業法,CPA,公認会計士,
R01,2,企業法,5,R01年Ⅱ短答式企業法-05,"子会社による親会社株式の取得等に関する次の記述のうち，正しいものの組合せとして最も適切な番号を一つ選びなさい。（5点）
ア．子会社は，市場価格のある親会社株式を，当該親会社株式1株を取得するのと引換えに交付する金銭等の額が当該親会社株式1株の市場価格として法務省令で定める方法により算定されるものを超えない額で，取得することができる。
イ．子会社は，その有する親会社株式につき，議決権を行使することができない。
ウ．子会社は，その有する親会社株式につき，剰余金の配当を受けることができない。
エ．子会社は，相当の時期にその有する親会社株式を処分しなければならない。",5,アイ,アウ,アエ,イウ,イエ,ウエ,TRUE,企業法,CPA,公認会計士,
R01,2,企業法,6,R01年Ⅱ短答式企業法-06,"単元株式に関する次の記述のうち，正しいものの組合せとして最も適切な番号を一つ選びなさい。（5点）
ア．公開会社（種類株式発行会社を除く。）は，取締役会の決議によって，定款を変更して，単元株式数を減少し，又は単元株式数についての定款の定めを廃止することができる。
イ．公開会社は，単元未満株主について，株主による責任追及等の訴えを提起する権利を有しない旨を定款で定めることができない。
ウ．単元未満株主が単元未満株式売渡請求をすることができる旨の定款の定めがない限り，単元未満株主は，株式会社に対して，自己の有する単元未満株式の数と併せて単元株式数となる数の株式を売り渡すことを請求することができない。
エ．単元未満株主が単元未満株式の買取請求をすることができる旨の定款の定めがない限り，単元未満株主は，株式会社に対して，自己の有する単元未満株式を買い取ることを請求することができない。",2,アイ,アウ,アエ,イウ,イエ,ウエ,TRUE,企業法,CPA,公認会計士,
R01,2,企業法,7,R01年Ⅱ短答式企業法-07,"証券発行新株予約権に関する次の記述のうち，正しいものの組合せとして最も適切な番号を一つ選びなさい。（5点）
ア．証券発行新株予約権の新株予約権者は，株式会社に対し，当該新株予約権者の有する新株予約権に係る新株予約権証券の所持を希望しない旨を申し出ることができる。
イ．証券発行新株予約権の新株予約権者は，当該証券発行新株予約権を行使しようとする場合には，新株予約権証券が発行されていないときを除き，当該証券発行新株予約権に係る新株予約権証券を株式会社に提出しなければならない。
ウ．証券発行新株予約権の質権者は，継続して当該証券発行新株予約権に係る新株予約権証券を占有しなければ，その質権をもって株式会社その他の第三者に対抗することができない。
エ．新株予約権証券は，当該新株予約権証券に関する法定の事項を新株予約権証券喪失登録簿に記載又は記録することにより，無効とすることができる。",4,アイ,アウ,アエ,イウ,イエ,ウエ,TRUE,企業法,CPA,公認会計士,
R01,2,企業法,8,R01年Ⅱ短答式企業法-08,"株式会社における機関に関する次の記述のうち，正しいものの組合せとして最も適切な番号を一つ選びなさい。（5点）
ア．監査等委員会設置会社は，常に，取締役会設置会社である。
イ．取締役会設置会社は，常に，公開会社である。
ウ．指名委員会等設置会社は，常に，会計監査人設置会社である。
エ．会計参与設置会社は，常に，取締役会設置会社である。",2,アイ,アウ,アエ,イウ,イエ,ウエ,TRUE,企業法,CPA,公認会計士,
R01,2,企業法,9,R01年Ⅱ短答式企業法-09,"株主総会における書面による議決権の行使に関する次の記述のうち，正しいものの組合せとして最も適切な番号を一つ選びなさい。なお，電磁的方法による通知は考慮しないものとする。（5点）
ア．株式会社は，株主総会の日から3か月間，当該株式会社に提出された議決権行使書面をその本店に備え置かなければならない。
イ．債権者は，株式会社の営業時間内は，いつでも，議決権行使書面の閲覧又は謄写の請求をすることができる。
ウ．各議案についての賛否を記載する欄に記載がない議決権行使書面が株式会社に提出された場合は，当該株式会社は，当該議案について棄権したものと取り扱わなければならず，これと異なる取扱いを定めることはできない。
エ．株式会社の取締役は，株主総会に出席しない株主が書面によって議決権を行使することができる旨を定めた場合には，当該株主総会の招集通知に際して，株主に対し，株主総会参考書類及び議決権行使書面を交付しなければならない。",3,アイ,アウ,アエ,イウ,イエ,ウエ,TRUE,企業法,CPA,公認会計士,
R01,2,企業法,10,R01年Ⅱ短答式企業法-10,"株主総会及び種類株主総会に関する次の記述のうち，正しいものの組合せとして最も適切な番号を一つ選びなさい。（5点）
ア．定款を変更して，その発行する全部の株式の内容として株式会社が一定の事由が生じたことを条件としてこれを取得することができる旨の定款の定めを設けようとする場合の株主総会決議は，当該株主総会において議決権を行使することができる株主の半数以上であって，当該株主の議決権の3分の2以上に当たる多数をもって行なわなければならない。
イ．株式会社の親会社社員は，株式会社の営業時間内はいつでも，株主総会の議事録の閲覧又は謄写の請求をすることができる。
ウ．取締役が株主の全員に対して株主総会に報告すべき事項を通知した場合において，当該事項を株主総会に報告することを要しないことにつき株主の全員が書面又は電磁的記録により同意の意思表示をしたときは，当該事項の株主総会への報告があったものとみなされる。
エ．種類株式発行会社は，種類株主総会の決議要件を定款の定めにより加重することができる。",6,アイ,アウ,アエ,イウ,イエ,ウエ,TRUE,企業法,CPA,公認会計士,
R01,2,企業法,11,R01年Ⅱ短答式企業法-11,"監査役設置会社における取締役会（特別取締役による取締役会の場合を除く。）に関する次の記述のうち，正しいものの組合せとして最も適切な番号を一つ選びなさい。なお，各記述において定款に別段の定めはないものとする。（5点）
ア．監査役は，取締役が不正の行為をするおそれがあると認めるときは，遅滞なく，その旨を取締役会に報告しなければならない。
イ．取締役会を招集する者が招集の通知を発する場合には，取締役会の日の1週間前までに，各取締役及び各監査役に対してその通知を発しなければならない。
ウ．取締役が取締役会の決議の目的である事項について提案をした場合において，当該提案につき取締役及び監査役の全員が電磁的記録により同意の意思表示をしたときは，当該提案を可決する旨の取締役会の決議があったものとみなされる。
エ．代表取締役は，3か月に1回以上，自己の職務の執行の状況を取締役会に報告しなければならないが，これを取締役及び監査役の全員に対して通知したときは，当該事項を取締役会へ報告することを要しない。",1,アイ,アウ,アエ,イウ,イエ,ウエ,TRUE,企業法,CPA,公認会計士,
R01,2,企業法,12,R01年Ⅱ短答式企業法-12,"監査等委員会設置会社における取締役の競業及び利益相反取引に関する次の記述のうち，正しいものの組合せとして最も適切な番号を一つ選びなさい。（5点）
ア．監査等委員である取締役が，自己のために株式会社の事業の部類に属する取引をしようとするときは，当該取引につき取締役会の承認を受けることを要しない。
イ．代表取締役が，取締役会の承認を受けることなく，自己のために株式会社と取引をした場合には，当該取引によって当該代表取締役が得た利益の額は，当該代表取締役の任務懈怠によって当該株式会社に生じた損害の額と推定される。
ウ．代表取締役が，自己のために株式会社とする取引につき，取締役会の承認に加え，監査等委員会の承認を受けたときは，当該取引によって当該株式会社に生じた損害の賠償責任につき，当該代表取締役は，その任務を怠ったものと推定されることはない。
エ．代表取締役が，自己のために株式会社と取引をした場合，当該取引につき取締役会の承認を受けていたときであっても，当該代表取締役の当該取引によって当該株式会社に生じた損害を賠償する責任は，任務を怠ったことが当該代表取締役の責めに帰することができない事由によるものであることをもって免れることができない。",6,アイ,アウ,アエ,イウ,イエ,ウエ,TRUE,企業法,CPA,公認会計士,
R01,2,企業法,13,R01年Ⅱ短答式企業法-13,"株式会社の役員等の報酬等に関する次の記述のうち，正しいものの組合せとして最も適切な番号を一つ選びなさい。（5点）
ア．監査等委員会設置会社における取締役の報酬等のうち額が確定しているものについては，定款又は株主総会の決議によって取締役全員に支給する報酬等の総額のみを定め，各取締役の報酬等の決定を取締役会に委ねることが認められる。
イ．監査役会設置会社において，取締役が会計監査人の報酬等を定める場合には，監査役会の同意を得なければならない。
ウ．指名委員会等設置会社の報酬委員会の委員である取締役の報酬等の内容は，定款又は株主総会の決議によって定めなければならない。
エ．監査等委員会設置会社において，監査等委員会が選定する監査等委員は，株主総会において，監査等委員である取締役以外の取締役の報酬等について監査等委員会の意見を述べることができる。",5,アイ,アウ,アエ,イウ,イエ,ウエ,TRUE,企業法,CPA,公認会計士,
R01,2,企業法,14,R01年Ⅱ短答式企業法-14,"株式会社の計算書類等に関する次の記述のうち，正しいものの組合せとして最も適切な番号を一つ選びなさい。（5点）
ア．株式会社は，計算書類を作成した時から10年間，当該計算書類及びその附属明細書を保存しなければならない。
イ．取締役会を設置する監査役設置会社（清算株式会社を除く。）においては，計算書類及び事業報告並びにこれらの附属明細書は，取締役会の承認を経た上で，監査役の監査を受けなければならない。
ウ．会計監査人設置会社（清算株式会社を除く。）においては，事業報告及びその附属明細書については，会計監査人の監査を受けなければならない。
エ．取締役会設置会社（清算株式会社を除く。）においては，取締役は，定時株主総会の招集の通知に際して，法務省令で定めるところにより，株主に対し，取締役会の承認を受けた計算書類及び事業報告を提供しなければならない。",3,アイ,アウ,アエ,イウ,イエ,ウエ,TRUE,企業法,CPA,公認会計士,
R01,2,企業法,15,R01年Ⅱ短答式企業法-15,"持分会社に関する次の記述のうち，正しいものの組合せとして最も適切な番号を一つ選びなさい。（5点）
ア．社員の持分の割合は，当該持分会社の発行済持分総数に対して自己が所有する持分数の比率により定まる。
イ．業務を執行する社員を定款で定めた場合には，定款に別段の定めがない限り，業務を執行する権利を有しない社員であっても，当該持分会社の業務及び財産の状況を調査することができる。
ウ．合資会社は，定款で定めた解散の事由の発生によって解散した場合には，総社員の同意によって任意清算をすることができる。
エ．持分会社の社員が保佐開始の審判を受けたことは，法定の退社事由である。",4,アイ,アウ,アエ,イウ,イエ,ウエ,TRUE,企業法,CPA,公認会計士,
R01,2,企業法,16,R01年Ⅱ短答式企業法-16,"社債に関する次の記述のうち，正しいものの組合せとして最も適切な番号を一つ選びなさい。（5点）
ア．社債権者集会の招集の手続が法令に違反する場合には，社債権者は，訴えをもって当該社債権者集会の決議の取消しを請求することができる。
イ．信託会社は，社債管理者となる資格を有しない。
ウ．社債管理者は，社債発行会社又は社債権者集会の同意を得られなかった場合であっても，やむを得ない事由があるときは，裁判所の許可を得て，辞任することができる。
エ．社債権者集会に出席しない社債権者は，書面によって議決権を行使することができる。",6,アイ,アウ,アエ,イウ,イエ,ウエ,TRUE,企業法,CPA,公認会計士,
R01,2,企業法,17,R01年Ⅱ短答式企業法-17,"株式会社の事業の譲渡及び組織再編に関する次の記述のうち，正しいものの組合せとして最も適切な番号を一つ選びなさい。（5点）
ア．株式会社がその事業の全部を譲渡する場合において，そのための株主総会の決議と同時に当該株式会社が解散する旨の決議がされたときは，当該株式会社の債権者は，当該事業譲渡について異議を述べることができる。
イ．吸収合併において吸収合併存続株式会社が吸収合併消滅株式会社から承継する資産の額が，当該吸収合併存続株式会社が当該吸収合併消滅株式会社から承継する債務の額を超える場合は，当該吸収合併存続株式会社の債権者は，当該吸収合併について異議を述べることができない。
ウ．株式会社が吸収分割をする場合において，吸収分割承継株式会社の全ての債権者は，当該吸収分割承継株式会社に対し，所定の期間内に当該吸収分割について異議を述べることができる。
エ．株式会社が株式交換をする場合において，株式交換契約新株予約権が新株予約権付社債に付されたものであるときは，当該新株予約権付社債についての社債権者は，株式交換完全子会社に対し，所定の期間内に当該株式交換について異議を述べることができる。",6,アイ,アウ,アエ,イウ,イエ,ウエ,TRUE,企業法,CPA,公認会計士,
R01,2,企業法,18,R01年Ⅱ短答式企業法-18,"会社の組織再編に関する次の記述のうち，正しいものの組合せとして最も適切な番号を一つ選びなさい。（5点）
ア．株式会社は，合名会社を吸収分割承継会社とする吸収分割を行うことができる。
イ．吸収合併消滅株式会社が種類株式発行会社でない場合において，吸収合併存続持分会社が当該吸収合併消滅株式会社の株主に対して交付する合併対価等の全部又は一部が当該吸収合併存続持分会社の持分であるときは，吸収合併契約について当該吸収合併消滅株式会社の総株主の同意を得なければならない。
ウ．合同会社である吸収分割承継会社が，吸収分割に際して，種類株式発行会社でない吸収分割株式会社に対してその事業に関する権利義務に代わる金銭等を交付する場合において，当該金銭等が当該吸収分割承継会社の持分であるときは，当該吸収分割株式会社では，吸収分割契約について総株主の同意を得なければならない。
エ．株式会社は，合同会社を株式移転完全親会社とする株式移転を行うことができる。",1,アイ,アウ,アエ,イウ,イエ,ウエ,TRUE,企業法,CPA,公認会計士,
R01,2,企業法,19,R01年Ⅱ短答式企業法-19,"金融商品取引法上の有価証券に関する次の記述のうち，正しいものの組合せとして最も適切な番号を一つ選びなさい。（5点）
ア．合同会社の社員権は，金融商品取引法上の有価証券とみなされることはない。
イ．貸付信託の受益証券は，金融商品取引法第二章の企業内容等の開示の規定が適用されない有価証券である。
ウ．信託の受益権は，金融商品取引法上の有価証券とみなされることはない。
エ．募集社債の募集事項として社債券を発行する旨を定めた会社において，社債券が発行される前の社債権者の権利は，金融商品取引法上の有価証券とみなされる。",5,アイ,アウ,アエ,イウ,イエ,ウエ,TRUE,企業法,CPA,公認会計士,
R01,2,企業法,20,R01年Ⅱ短答式企業法-20,"金融商品取引法に基づく開示に関する次の記述のうち，正しいものの組合せとして最も適切な番号を一つ選びなさい。（5点）
ア．四半期報告書を提出しなければならない会社は，半期報告書を提出する必要はない。
イ．有価証券報告書を提出しなければならない会社は，株式移転をすることを決定した場合は，臨時報告書を提出しなければならない。
ウ．上場株券を発行する会社は，自己の株式を取得する旨の決議をした株主総会又は取締役会の終結した日が属する月の翌月から，自己株券買付状況報告書を提出しなければならない。
エ．有価証券報告書を提出しなければならない会社の議決権の過半数を所有している会社は，当該会社が有価証券報告書を提出しなければならない会社であっても，親会社等状況報告書を提出しなければならない。",1,アイ,アウ,アエ,イウ,イエ,ウエ,TRUE,企業法,CPA,公認会計士,
R02,1,監査論,1,R02年Ⅰ短答式監査論-01,"財務諸表監査に関する次の記述のうち，正しいものの組合せとして最も適切な番号を一つ選びなさい。（5点）
ア．監査人が財務諸表の重要な虚偽の表示を看過して，財務諸表に適正意見を表明した場合の監査人の責任は，故意であるか否か及び正当な注意を払ったか否かによって判断される。
イ．監査人が財務諸表の適正性に関する意見を表明する際に必要となる判断事項は，経営者が採用した会計方針が会計基準に準拠し，継続的に適用されているかを判断すること，及びその会計方針の選択や適用方法が会計事象や取引の実態を適切に反映するものであるかを判断することの二つである。
ウ．監査人は，監査の過程を通じて職業的専門家として判断を行使することが必要となり，事実や状況又は十分かつ適切な監査証拠による裏付けのない判断を行使してはならない。
エ．監査人は，財務諸表利用者の経済的意思決定に有用な情報として経営者に対して財務諸表に記載を求めた事項が記載されなかった場合には，当該事項を除外事項又は追記情報としなければならない。",2,アイ,アウ,アエ,イウ,イエ,ウエ,TRUE,監査論,CPA,公認会計士,
R02,1,監査論,2,R02年Ⅰ短答式監査論-02,"公認会計士法に関する次の記述のうち，正しいものの組合せとして最も適切な番号を一つ選びなさい。（5点）
ア．公認会計士は，大会社等の財務書類に係る単独監査を禁止されているが，共同監査を行う他の公認会計士が登録を抹消された場合にはこの限りでない。
イ．有限責任監査法人は，特定証明に係る業務において指定有限責任社員を指定し，かつ証明を受けようとする者にその指定を通知する。この場合，指定を受けていない社員が補助者として特定証明に係る業務に関与したとき，当該社員は，指定有限責任社員と同一の責任を負わなければならない。
ウ．大規模監査法人において，上場会社の監査証明業務を行う筆頭業務執行社員は，連続した5会計期間の監査証明業務の後，当該上場会社の監査関連業務には5会計期間の経過後でなければ従事できないが，審査に最も重要な責任を有する者はこの限りでない。
エ．監査法人は，当該監査法人の公認会計士である社員以外の者に監査証明業務を行わせ，監査報告書の筆頭に自署押印させてはならない。",3,アイ,アウ,アエ,イウ,イエ,ウエ,TRUE,監査論,CPA,公認会計士,
R02,1,監査論,3,R02年Ⅰ短答式監査論-03,"金融商品取引法監査制度に関する次の記述のうち，正しいものの組合せとして最も適切な番号を一つ選びなさい。（5点）
ア．公認会計士又は監査法人が，監査証明業務の実施に際して，被監査会社の法令違反等事実を発見し，その是正その他の適切な措置をとるべき旨を通知したにもかかわらず，一定期間を経過してもなお被監査会社が適切な措置をとらない場合には，ただちに当該事項に関する内容を内閣総理大臣に申し出なければならない。
イ．公認会計士又は監査法人は，監査業務終了後に監査業務に従事した者，監査日数その他当該監査に関する事項の概要を記載した概要書を財務局長等に提出しなければならず，四半期レビューについても同様に概要書の提出が義務付けられる。
ウ．上場会社が提出する有価証券報告書の訂正報告書に訂正後の財務計算に関する書類が含まれる場合であっても，当該書類に対して公認会計士又は監査法人の監査証明は必要とされない。
エ．外国会社が提出する財務計算に関する書類には，外国監査法人等から内閣府令で定めるところにより監査証明に相当すると認められる証明を受けた場合，我が国の公認会計士又は監査法人による監査証明は必要ない。",5,アイ,アウ,アエ,イウ,イエ,ウエ,TRUE,監査論,CPA,公認会計士,
R02,1,監査論,4,R02年Ⅰ短答式監査論-04,"会社法監査制度に関する次の記述のうち，正しいものの組合せとして最も適切な番号を一つ選びなさい。（5点）
ア．会計監査人は，計算書類が法令又は定款に適合するかどうかについて監査役等と意見を異にするときは，定時株主総会に出席し，意見を述べなければならない。
イ．非公開会社であっても，資本金5億円以上又は負債総額200億円以上の会社は，会計監査人を設置しなければならない。
ウ．公認会計士又は監査法人は，ある株式会社の子会社から公認会計士又は監査法人の業務以外の業務により継続的な報酬を受けている場合，当該株式会社の会計監査人となることができない。
エ．会計監査人設置会社の監査役会は，全ての監査役が出席する会議等を通じて各監査役の意見を集約，調整し，その一致をもって監査役会監査報告の内容としなければならない。",4,アイ,アウ,アエ,イウ,イエ,ウエ,TRUE,監査論,CPA,公認会計士,
R02,1,監査論,5,R02年Ⅰ短答式監査論-05,"「監査における不正リスク対応基準」の不正リスクに対応した監査事務所の品質管理に関する次の記述のうち，正しいものの組合せとして最も適切な番号を一つ選びなさい。（5点）
ア．監査事務所は，監査契約の新規の締結及び更新の判断に関する方針及び手続に，不正リスクを考慮して監査契約の締結及び更新に伴うリスクを評価すること，並びに当該評価の妥当性について，新規の締結時及び更新時はそのリスクの程度に応じて，審査担当者など監査チーム外の適切な部署又は者により検討することを含めなければならない。
イ．不正リスクに関連して監査事務所内外からもたらされる情報に対処する場合，関連する監査チームではなく監査チーム外の監査事務所の適切な部署又は者が，監査の実施において当該情報を検討しなければならない。
ウ．監査事務所は，不正による重要な虚偽の表示を示唆する状況が識別された場合に，必要に応じて監査事務所の専門的な調査部門や法律専門家等，監査事務所内外の適切な者から専門的な見解を得られるようにするための方針及び手続を定めなければならない。
エ．不正による重要な虚偽の表示の疑義があると判断された場合には，通常の審査に比べ，監査事務所としてより慎重に審査を行う必要があるため，監査事務所は，当該疑義に対応する十分かつ適切な経験や職位等の資格を有する適格者で構成される会議体による審査を実施しなければならない。",2,アイ,アウ,アエ,イウ,イエ,ウエ,TRUE,監査論,CPA,公認会計士,
R02,1,監査論,6,R02年Ⅰ短答式監査論-06,"四半期レビューに関する次の記述のうち，正しいものの組合せとして最も適切な番号を一つ選びなさい。（5点）
ア．年度の財務諸表の監査は，財務諸表には全体として重要な虚偽の表示がないということについて合理的な保証を得るために実施されるが，四半期レビューは，年度の財務諸表の監査と同様の保証を得ることが目的ではないため，四半期レビュー計画は，年度の財務諸表の監査計画とは別に策定されなければならない。
イ．監査人は，前会計期間の決算日において，継続企業の前提に重要な不確実性が認められなかったが，当該四半期会計期間において初めて継続企業の前提に重要な疑義を生じさせる事象又は状況が認められた場合には，経営者の対応策について監査人が検討対象とする期間は，少なくとも当該四半期会計期間の翌四半期会計期間の末日までである。
ウ．監査人は，四半期レビュー業務において質問及び分析的手続を基本とする限定した手続を適用しているため，無限定の結論を表明する場合であっても，四半期レビュー報告書において，結論の表明の基礎となる証拠を入手したと判断した旨の記載は行わない。
エ．監査人は，継続企業の前提に重要な疑義を生じさせる事象又は状況が存在しており，かつ重要な不確実性が認められる場合において，当該事象又は状況が四半期財務諸表に適切に記載されていないと判断したときは，四半期レビュー報告書において当該不適切な記載についての除外事項を付した限定付結論又は否定的結論を表明しなければならない。",5,アイ,アウ,アエ,イウ,イエ,ウエ,TRUE,監査論,CPA,公認会計士,
R02,1,監査論,7,R02年Ⅰ短答式監査論-07,"内部統制監査に関する次の記述のうち，正しいものの組み合わせとして最も適切な番号を一つ選びなさい。（5点）
ア．内部統制監査は，経営者が内部統制の有効性について評価した結果に対して監査人が意見を表明するものであり，監査人は，内部統制の有効性を直接に評価しない。ただし，監査人は，必ず経営者の評価方法を具体的に検証しなければならない。
イ．監査人は，財務諸表監査の実施過程において，他の専門家を利用して入手した監査証拠を，内部統制監査の監査証拠として利用することができる。
ウ．経営者は，やむを得ない事情により，内部統制の一部について十分な評価手続を実施できなかった場合には，当該範囲を除外して内部統制報告書を作成することができる。この場合，監査人は，当該事情に正当性が認められると判断して，無限定適正意見を表明することがある。
エ．内部統制監査は，原則として，財務諸表監査と同一の業務執行社員により行うことが求められている。しかし，双方の監査は，目的が異なるため，内部統制監査の監査計画は，財務諸表監査の監査計画とは別に策定されなければならない。",4,アイ,アウ,アエ,イウ,イエ,ウエ,TRUE,監査論,CPA,公認会計士,
R02,1,監査論,8,R02年Ⅰ短答式監査論-08,"内部統制監査に関する次の記述のうち，正しいものの組み合わせとして最も適切な番号を一つ選びなさい。（5点）
ア．監査人は，内部統制の運用状況の有効性に関する経営者の評価の妥当性を検討するに当たって，内部統制の実施状況を検証する。この手続において用いられるサンプルは，経営者が抽出したものであり，監査人は自らサンプルを選択しない。
イ．監査人は，経営者が重要な事業拠点を適切に選定していないと判断する場合がある。この場合，監査人は，経営者に対して選定の見直しなどの追加的な対応を常に求めなければならない。
ウ．経営者は，期末日後に実施した開示すべき重要な不備に対する是正措置の内容を内部統制報告書に記載することがある。この場合，経営者が，有効な内部統制を整備し，その運用の有効性を確認し，かつ，是正措置を完了した旨を記載していたとしても，その是正措置は，当該年度の内部統制の有効性の評価結果に反映されない。
エ．開示すべき重要な不備が，経営者による内部統制の有効性評価の過程では発見されていないが，内部統制監査の過程で監査人により発見される場合がある。この場合，期末日までに是正措置が実施されたときには，監査人は，実施された是正措置の妥当性について検証するのではなく，当該措置について経営者が行った評価が適切であるかを確認する。",6,アイ,アウ,アエ,イウ,イエ,ウエ,TRUE,監査論,CPA,公認会計士,
R02,1,監査論,9,R02年Ⅰ短答式監査論-09,"監査の品質管理に関する次の記述のうち，正しいものの組合せとして最も適切な番号を一つ選びなさい。（5点）
ア．監査事務所は，監査契約の更新時において関与先の誠実性を検討し，監査契約の更新に伴うリスクを見極める必要があるため，当該関与先の誠実性に関する情報を，金融機関又は関与先の同業他社等の第三者に対する質問により入手することがある。
イ．監査責任者は，監査契約を更新した既存の関与先との間に独立性を阻害する要因を識別した場合，セーフガードを適用することで，こうした阻害要因を許容可能な水準にまで軽減又は除去することができることから，監査契約の解除まで行うことはない。
ウ．監査責任者と審査担当者との間に監査上の判断の相違が生じ，それが監査報告書日に至っても解決できない場合，監査上の判断の相違が生じた事項に関する監査責任者の結論及びその際になされた職業的専門家としての判断を監査調書に記録した上で，監査事務所は監査報告書を発行することができる。
エ．監査事務所における品質管理のシステムの監視によって発見された不備に対する適切な是正措置には，監査事務所の方針及び手続に違反を繰り返す者に対する懲戒処分を含むことがある。",3,アイ,アウ,アエ,イウ,イエ,ウエ,TRUE,監査論,CPA,公認会計士,
R02,1,監査論,10,R02年Ⅰ短答式監査論-10,"保証業務に関する次の記述のうち，正しいものの組み合わせとして最も適切な番号を一つ選びなさい。（5点）
ア．保証業務には，業務実施者自らが主題情報を作成し，その主題情報を結論として保証報告書に報告する業務がある。
イ．保証業務における規準は，保証報告書の想定利用者にも利用可能であることが求められている。
ウ．保証業務リスクの構成要素である固有リスクや統制リスクを検討する程度は，その業務が合理的保証業務か限定的保証業務かの区別により影響を受けない。
エ．業務実施者は，保証業務を受託するに当たり，保証業務における主題が適切であるかどうかを判断する。この判断は，当該業務が合理的保証業務か限定的保証業務であるかにより影響を受ける。",1,アイ,アウ,アエ,イウ,イエ,ウエ,TRUE,監査論,CPA,公認会計士,
R02,1,監査論,11,R02年Ⅰ短答式監査論-11,"監査基準の改訂に関する次の記述のうち，正しいものの組合せとして最も適切な番号を一つ選びなさい。（5点）
ア．平成14年の改訂では，「第一監査の目的」が新設された。この背景には，監査基準がその目的を明確にしてこなかったために，監査の役割について期待ギャップが醸成されてきたとの理解があった。そこで，この新設に当たっては，一般目的の財務諸表を対象とした適正性監査の目的と，特別目的の財務諸表を対象とする準拠性監査の目的が分けて規定され，こうした期待ギャップ問題の解決が図られることとなった。
イ．平成17年の改訂では，重要な虚偽表示のリスクの評価が導入された。この背景には，多くの場合，監査人が固有リスクと統制リスクを組み合わせて判断することで，財務諸表の個別の項目に生じる重要な虚偽表示のリスクを見逃す傾向にあったため，本改訂では，固有リスクと統制リスクを個別に判断した上で，両者を組み合わせて重要な虚偽表示のリスクとして評価することとした。
ウ．平成21年の改訂により，監査人は，継続企業の前提に重要な疑義を生じさせる一定の事象又は状況が存在した場合，経営者が行った評価及び対応策について検討した上で，なお継続企業の前提に関する重要な不確実性が認められるか否かを確かめることとなった。この背景には，旧基準の下で，財務諸表への注記や監査報告書の追記情報への記載事例が急速に増えていたこと，また，旧基準が国際的な監査基準とも整合していなかったことがある。
エ．平成25年の改訂では，監査基準とは別に不正リスク対応基準が新設された。この背景には，不正による有価証券報告書の虚偽記載等の不適切な事例が相次いだことがある。そのため，不正リスク対応基準では職業的懐疑心の重要性が強調され，不正に対応する手続が定められるとともに，不正リスク要因等が例示されている。",6,アイ,アウ,アエ,イウ,イエ,ウエ,TRUE,監査論,CPA,公認会計士,
R02,1,監査論,12,R02年Ⅰ短答式監査論-12,"監査の基準に関する次の記述のうち，正しいものの組合せとして最も適切な番号を一つ選びなさい。（5点）
ア．公認会計士又は監査法人は，金融商品取引法に基づき上場会社の財務諸表の監査を行うに当たって，企業会計審議会が公表する監査基準にしたがって監査を行うべきことが法令に定められている。
イ．公認会計士又は監査法人は，金融商品取引法に基づき上場会社の財務諸表の監査を行うに当たって，日本公認会計士協会が定める監査の実務指針にしたがって監査を行っているが，この監査の実務指針は監査の慣行に当たり，法令上は，こうした監査の慣行に従うことまでは求められていない。
ウ．公認会計士又は監査法人は，親会社の依頼に基づき，任意監査として子会社の財務諸表の監査を行う場合，企業会計審議会が公表する監査基準に準拠して監査を行うことが求められる。
エ．公認会計士又は監査法人は，依頼人から，その財務諸表の一部についてのみ監査を行うよう依頼を受けた場合，その監査には企業会計審議会が公表する監査基準を適用してはならない。",2,アイ,アウ,アエ,イウ,イエ,ウエ,TRUE,監査論,CPA,公認会計士,
R02,1,監査論,13,R02年Ⅰ短答式監査論-13,"監査人の職業的専門家としての専門能力及び実務経験等から得られる知識に関する次の記述のうち，正しいものの組合せとして最も適切な番号を一つ選びなさい。（5点）
ア．重要な虚偽表示の原因となる不正を看過しないようにするため，証憑書類の突合の際，筆跡や印影から証憑書類の真正性を評価することが必要となる場合があるが，監査人にはこうした専門能力は求められていない。
イ．監査人の職業的専門家としての専門能力の向上と実務経験等から得られる知識の蓄積について，その具体的な手段の一つとして，公認会計士法は，日本公認会計士協会が実施する研修を受けるとともに，公認会計士としても自己研鑽に努めるべきことを規定している。
ウ．監査人に求められる専門知識には，被監査会社の製品の原価計算に関する専門知識のほか，当該製品の工学的な特性や製法に関する専門知識も含まれる。
エ．監査人に求められる専門能力及び実務経験等から得られる知識は，資本市場の国際化，会計処理の技術的進展，会計基準の高度の専門化などにより，絶えず変化する可能性がある。そのため，監査人には，こうした能力の維持・研鑽に努め，実務経験を積むことが要求される。",3,アイ,アウ,アエ,イウ,イエ,ウエ,TRUE,監査論,CPA,公認会計士,
R02,1,監査論,14,R02年Ⅰ短答式監査論-14,"監査計画に関する次の記述のうち，正しいものの組合せとして最も適切な番号を一つ選びなさい。（5点）
ア．監査計画の策定に当たっては，企業及び企業環境に内在する事業上のリスク等がもたらす財務諸表における重要な虚偽表示のリスクを暫定的に評価しなければならない。この事業上のリスク等の考慮は，経営者の関与による，財務諸表の重要な虚偽の表示に対処する必要性から求められたものである。
イ．監査計画の策定は，連続的かつ反復的なプロセスである。これは，当初に立案された監査計画が，暫定的なものであることを意味しており，時間の経過とともに，計画の内容が定まり，意見表明の前の審査において，監査計画が承認されることによって最終的に確定する。
ウ．監査計画を策定することで，監査を効果的かつ効率的に実施するとともに，監査チームメンバーへの指示・監督を適切に行うことが可能となる。このため，詳細な監査計画を立案することで，その詳細さに対応して監査調書の査閲時間は短縮される。
エ．監査人は，財務諸表全体レベルにおいて，重要な虚偽表示のリスクがあると判断した場合には，監査時間の増加や補助者の増員といった全般的な対応を計画し，また財務諸表項目レベルに関連した重要な虚偽表示のリスクに関しては，これに対応した，内部統制の運用評価手続と監査要点の直接的な立証を行う実証手続を計画する。",3,アイ,アウ,アエ,イウ,イエ,ウエ,TRUE,監査論,CPA,公認会計士,
R02,1,監査論,15,R02年Ⅰ短答式監査論-15,"監査上の重要性に関する次の記述のうち，正しいものの組合せとして最も適切な番号を一つ選びなさい。（5点）
ア．監査人は，監査計画の策定に当たって，重要性の基準値を設定するが，その際，税引前利益などの指標に対して5％などの特定の割合を適用する。この場合，指標の値には，監査対象年度の予算を適用することが求められているため，期中に被監査会社が予算の修正を行った場合には，それに合わせて重要性の基準値を改訂する。
イ．監査人は，重要性の高い財務諸表項目については，必ず実証手続を計画しなければならない。これは，監査人のリスク評価が判断に基づくものであり完全ではないことや，経営者が内部統制を無効化するリスク等を考慮したためであって，結果的に重要な虚偽の表示を発見できないリスクを回避するためである。
ウ．監査上の重要性は，監査計画の策定，監査の実施，監査証拠の評価及び監査意見の形成の全ての局面において，監査人に画一的な判断を求めるための規準ではなく，あくまで監査人が職業的専門家としての判断を行う上での規準である。
エ．監査人は，監査計画の策定時に，監査上の重要性の基準値を1千万円に設定していたが，その後，設定対象としていた指標の値が修正されたために，重要性の基準値を5千万円に改訂した。この場合，他の条件が一定であれば，リスク対応手続の実施範囲は拡大しなければならない。",4,アイ,アウ,アエ,イウ,イエ,ウエ,TRUE,監査論,CPA,公認会計士,
R02,1,監査論,16,R02年Ⅰ短答式監査論-16,"特別な検討を必要とするリスクについての監査人の対応に関する次の記述のうち，正しいものの組合せとして最も適切な番号を一つ選びなさい。（5点）
ア．公正価値の測定について，見積りの不確実性が高いと評価したため，特別な検討を必要とするリスクであると判断した。これに対応する監査手続を実施した結果，経営者の採用した見積り方法，使用されたデータ，見積りの結果は合理的であると判断したため，経営者確認書には特段の記載を求めなかった。
イ．重要な訴訟事件が発生していたので，これを特別な検討を必要とするリスクと判断し，関連する内部統制について検討したところ，訴訟事件の発生はまれであり，これに対応した内部統制は十分に構築されていなかった。このため，内部統制には依拠せず，担当部署への質問と弁護士への確認，その他必要な実証手続を実施した。
ウ．監査計画の策定において，収益認識を特別な検討を必要とするリスクであると判断したが，当該事項は非定型的な取引に基づくものではないため，監査計画についての監査役への説明においては，この部分を除外した。
エ．収益認識には不正リスクがあると推定して，特別な検討を必要とするリスクであると判断した。そこで，内部統制の整備状況を検討したところ，有効であると評価したため，内部統制の運用評価手続と，リスクに個別に対応する実証手続として，通常の売掛金残高に加えて契約条件の詳細についての確認等を実施した。",5,アイ,アウ,アエ,イウ,イエ,ウエ,TRUE,監査論,CPA,公認会計士,
R02,1,監査論,17,R02年Ⅰ短答式監査論-17,"監査報告に関する次の記述のうち，正しいものの組合せとして最も適切な番号を一つ選びなさい。（5点）
ア．監査人は，準拠性の枠組みで作成された財務諸表に対して監査意見を表明する場合には，準拠性の枠組みにおいて要求される事項が遵守されているかどうかのみを評価すればよい。
イ．特別目的の財務諸表に対する監査報告書には，利用者への注意を喚起するために，強調事項区分を設けて，財務諸表が特別目的の財務報告の枠組みに準拠して作成されており他の目的には適合しないことがある旨を記載すればよく，その利用者は特定されていることから，監査報告書に配布又は利用の制限を付す旨を記載する必要はない。
ウ．財務諸表が二つの財務報告の枠組みに準拠して作成される場合，監査人は財務諸表をそれぞれの枠組みについて別個に検討するため，一つの枠組みについては無限定意見を表明し，もう一つの枠組みについては否定的意見を表明することもありうる。
エ．監査人は，全体としての財務諸表に対して意見不表明とする場合であっても，個別の財務表もしくは財務諸表の特定の項目等が，適用される財務報告の枠組みに準拠しているときには，利害関係者への情報提供のため，監査報告書にその旨を記載しなければならない。",2,アイ,アウ,アエ,イウ,イエ,ウエ,TRUE,監査論,CPA,公認会計士,
R02,1,監査論,18,R02年Ⅰ短答式監査論-18,"監査上の主要な検討事項に関する次の記述のうち，正しいものの組合せとして最も適切な番号を一つ選びなさい。（5点）
ア．監査報告書における監査上の主要な検討事項の記載は，財務諸表利用者に対し，監査人が実施した監査の内容に関する情報を提供するものであり，当該事項について個別に意見を表明するものではない。
イ．監査報告書において除外事項付意見を表明する原因となる事項は，その性質上は監査上の主要な検討事項に該当するが，監査報告書上の監査上の主要な検討事項区分には記載しない。
ウ．監査上の主要な検討事項を決定するさいに，監査人が特に注意を払った事項を考慮するのは，監査がリスク・アプローチに基づいて行われるためである。したがって，識別し評価した重要な虚偽表示リスクの中で，監査人が特別な検討を必要とするリスクと判断したものについては，監査上の主要な検討事項としなければならない。
エ．監査人は，職業的専門家としての判断に基づき，企業に関する未公表の情報を監査上の主要な検討事項に含める必要があると判断したさいに，経営者に追加の情報開示を促したにもかかわらず，経営者が追加の情報開示に応じなかった場合は，守秘義務の観点から当該情報を監査上の主要な検討事項に含めることはできない。",1,アイ,アウ,アエ,イウ,イエ,ウエ,TRUE,監査論,CPA,公認会計士,
R02,1,監査論,19,R02年Ⅰ短答式監査論-19,"監査役等とのコミュニケーションに関する次の記述のうち，正しいものの組み合わせとして最も適切な番号を一つ選びなさい。（5点）
ア．監査人は，企業統治の構造に応じてコミュニケーションを行うことが適切な統治責任者を判断しなければならない。我が国においては，コミュニケーションの対象となる統治責任者は，取締役会，監査役若しくは監査役会，監査等委員会又は監査委員会とされている。
イ．監査人は，計画した監査の範囲とその実施時期の概要について，監査役等とコミュニケーションを行わなければならないが，これには，特別な検討を必要とするリスク以外に識別している重要な虚偽表示リスクが高い領域への監査人の対応は，必ずしも含めなくてもよい。
ウ．監査人は，公認会計士法上の大会社等の監査において，前年度に監査事務所の品質管理のシステムの外部のレビューの結果を受領していないときでも，過去に外部のレビューの結果を受領している場合には，監査役等に書面で伝達する監査事務所の品質管理のシステムの整備・運用状況の概要に，当該レビューの結果を含めなければならない。
エ．監査人は，財務諸表に重要な影響を及ぼす可能性がある不正への経営者の関与が疑われる場合には，監査役等への報告及び監査を完了するために必要となる監査手続の種類，時期並びに範囲について協議しないことがある。",4,アイ,アウ,アエ,イウ,イエ,ウエ,TRUE,監査論,CPA,公認会計士,
R02,1,監査論,20,R02年Ⅰ短答式監査論-20,"「監査における不正リスク対応基準」に関する次の記述のうち，正しいものの組み合わせとして最も適切な番号を一つ選びなさい。（5点）
ア．本基準は，不正による重要な虚偽表示のリスクに対応した手続を明確化するとともに，一定の場合には監査手続をより慎重に実施することを求めるものであり，一般に公正妥当と認められる監査の基準を構成することから，法令によって強制されなくとも，全ての監査において，監査人はこれを遵守しなければならない。
イ．監査人は，監査チームの全ての構成員との間で，経営者等は誠実であるという考え方を持たずに，不正による重要な虚偽の表示が財務諸表のどこにどのように行われる可能性があるかについて協議を行い，監査チームの全ての構成員が知識や情報を共有できるようにしなければならない。
ウ．監査人は，不正による重要な虚偽の表示を示唆する状況を識別した場合には，経営者に質問し説明を求めるとともに，追加的な手続を実施し，アサーション・レベルの不正による重要な虚偽表示リスクに関する評価が依然として適切であるかを評価しなければならない。
エ．監査人は，識別した不正リスクに対応するために実施した積極的確認の代替的な手続において，企業及び当該企業の子会社が作成した情報のみを利用することは可能であるが，その場合には，当該情報の信頼性について，より慎重に判断しなければならない。",6,アイ,アウ,アエ,イウ,イエ,ウエ,TRUE,監査論,CPA,公認会計士,
R01,2,監査論,1,R01年Ⅱ短答式監査論-01,"財務諸表監査に関する次の記述のうち，正しいものの組合せとして最も適切な番号を一つ選びなさい。（5点）
ア．監査人は，財務諸表の適正性を判断する際に，会計基準への準拠性，会計方針の継続性及び表示方法の基準への準拠性が求められているが，現行の会計基準に詳細な定めのない場合には，監査人が財務諸表の適正性を自己の判断で行ってはならない。
イ．監査人は，財務諸表に対して絶対的な程度の信頼性の保証を付与することができない。これは，財務諸表の特性や監査の固有の限界に起因する。
ウ．監査人は，監査の各段階において監査役等と協議するなどして連携を図らなければならない。特に監査人は，不正による重要な虚偽の表示の疑義があると判断した場合には，速やかに監査役等に報告しなければならない。
エ．監査人は，内部監査の目的及び手続が，監査人の監査の目的に適合するならば，内部監査の結果を利用することができる。",4,アイ,アウ,アエ,イウ,イエ,ウエ,TRUE,監査論,CPA,公認会計士,
R01,2,監査論,2,R01年Ⅱ短答式監査論-02,"財務諸表監査に関する次の記述のうち，正しいものの組合せとして最も適切な番号を一つ選びなさい。（5点）
ア．財務諸表監査には，財務諸表とそのもととなった会計処理を批判的に検討する機能及び当該会計処理に対し助言する機能があるが，被監査会社の会計システムの構築支援を行うことは，後者の機能に該当する。
イ．監査人が，財務諸表監査の実施過程において発見した財務諸表上の不適切な事項について，経営者に対し訂正を勧告し，経営者が勧告を受け入れた場合，訂正された表示に関しては，監査人が責任を負う。
ウ．資本市場における財務諸表監査の目的は，企業の財務内容に関する情報を提供することではなく，当該情報の信頼性を担保することである。
エ．二重責任の原則は，保証業務を実施する場合に適用されるものであり，合意された手続のような保証業務に該当しない業務には，適用されない。",6,アイ,アウ,アエ,イウ,イエ,ウエ,TRUE,監査論,CPA,公認会計士,
R01,2,監査論,3,R01年Ⅱ短答式監査論-03,"公認会計士法に規定されている公認会計士の処分に関する次の記述のうち，正しいものの組合せとして最も適切な番号を一つ選びなさい。（5点）
ア．公認会計士に課される課徴金の金額は，看過した虚偽表示によって財務諸表利用者が被ったと推計される経済的損失の総額ではなく，監査報酬相当額を基準として算出される。
イ．公認会計士・監査審査会は，公認会計士に対する懲戒処分及び課徴金納付命令に関する事項を調査審議し，行政処分その他について，内閣総理大臣に勧告することができる。
ウ．公認会計士が，故意に，虚偽，錯誤又は脱漏のある財務書類を虚偽，錯誤及び脱漏のないものとして証明し，内閣総理大臣から登録抹消の処分を受けた場合，処分の日から2年経過すると，再登録が可能となる。
エ．日本公認会計士協会は，会員である公認会計士が，相当の注意を怠り，重大な虚偽，錯誤又は脱漏のある財務書類を重大な虚偽，錯誤及び脱漏のないものとして証明した事実があると認めたときは，内閣総理大臣に対し，その事実を報告しなければならない。",3,アイ,アウ,アエ,イウ,イエ,ウエ,TRUE,監査論,CPA,公認会計士,
R01,2,監査論,4,R01年Ⅱ短答式監査論-04,"金融商品取引法における開示及び監査に関する次の記述のうち，正しいものの組合せとして最も適切な番号を一つ選びなさい。（5点）
ア．上場会社等の代表者は，有価証券報告書，四半期報告書及び内部統制報告書を提出する際に，それらの記載内容が金融商品取引法令に基づき適正であることを確認した旨を記載した確認書を提出しなければならない。
イ．新規上場会社の内部統制監査報告書の提出は，資本金100億円以上又は負債総額1,000億円以上の会社を除いて，上場後3年を経過する日まで免除される。
ウ．公認会計士又は監査法人は，財務諸表監査，中間監査又は四半期レビューについて，その従事者，監査日数その他当該監査等に関する事項の概要を記載した概要書を，当該概要書の対象となる報告書の作成日から3か月を経過する日の属する月の末日までに提出しなければならない。
エ．有価証券報告書及び内部統制報告書は，5年間公衆の縦覧に供されるが，半期報告書及び四半期報告書は3年間公衆の縦覧に供される。",5,アイ,アウ,アエ,イウ,イエ,ウエ,TRUE,監査論,CPA,公認会計士,
R01,2,監査論,5,R01年Ⅱ短答式監査論-05,"会社法監査制度に関する次の記述のうち，正しいものの組合せとして最も適切な番号を一つ選びなさい。（5点）
ア．会計監査人設置会社は，定時株主総会の終結後の決算公告に係る計算書類に対して会計監査人が意見を表明していないとき，決算公告を行うことはできない。
イ．計算書類が法令又は定款に適合するかどうかについて，会計監査人が監査役と意見を異にするとき，会計監査人は，定時株主総会において会計監査人を出席させる決議がなければ，定時株主総会に出席して意見を述べることはできない。
ウ．会計監査人設置会社のうち公開会社は，会計監査人に非監査業務の対価を支払っているとき，その非監査業務の内容を事業報告に記載しなければならない。
エ．会計監査人は，被監査会社の子会社に対して会計に関する報告を求め，又はその子会社の業務及び財産の状況の調査をすることができる。このとき，その子会社は，正当な理由がなければ，この報告又は調査を拒むことができない。",6,アイ,アウ,アエ,イウ,イエ,ウエ,TRUE,監査論,CPA,公認会計士,
R01,2,監査論,6,R01年Ⅱ短答式監査論-06,"監査役会設置会社における会計監査人の選任及び解任に関する次の記述のうち，正しいものの組合せとして最も適切な番号を一つ選びなさい。（5点）
ア．定時株主総会における会計監査人の選任の議案の内容は，監査役会が，その過半数の同意により決定する。
イ．会計監査人が辞任したが，直ちに臨時株主総会を開催することができない場合，監査役会は，その過半数の同意により，一時会計監査人を選任することができる。
ウ．株主総会による会計監査人の任期中の解任は，通常の事態でないことが想定されることから，監査役全員による当該解任の議案の内容の決定と株主総会における特別決議が求められる。
エ．会計監査人が，その任期中，他の会社において虚偽のある財務諸表の作成に故意に加担したことが判明し，刑事罰を受けることとなった。このような場合，監査役会は，その全員の同意により，その会計監査人を解任することができる。",3,アイ,アウ,アエ,イウ,イエ,ウエ,TRUE,監査論,CPA,公認会計士,
R01,2,監査論,7,R01年Ⅱ短答式監査論-07,"四半期レビューに関する次の記述のうち，正しいものの組合せとして最も適切な番号を一つ選びなさい。（5点）
ア．四半期レビュー手続では，一般に，年度監査で実施されるような詳細なリスク評価は実施されないが，年度監査と組み合わせて実施されることにより，年度監査により得られたリスク評価の情報が四半期レビューに反映され，四半期レビューの結論が得られることになる。
イ．上場会社の監査人は，会計監査人に選任された直後に第1四半期会計期間末日を迎えることになるため，四半期レビュー契約の締結に当たって，年度監査の契約と異なり，監査事務所の方針及び手続に従って，適切な四半期レビューが実施できるかどうかを検討することまでは求められていない。
ウ．四半期レビューを実施するに当たって設定する重要性の基準値は，年度監査に係る重要性の基準値を適用することが合理的であるが，少なくとも年度監査に係る重要性の基準値を上限とするべきとされるのは，四半期財務諸表の実績数値が通年の財務諸表における数値よりも小さいこと等によるものである。
エ．監査人は，前会計期間の決算日において，継続企業の前提に重要な疑義を生じさせる事象又は状況が存在していなかったが，当四半期会計期間に継続企業の前提に重要な疑義を生じさせるような事象又は状況を認めた場合には，当四半期会計期間の末日から1年間の当該事象又は状況に関する経営者の評価及び対応策について検討しなければならない。",2,アイ,アウ,アエ,イウ,イエ,ウエ,TRUE,監査論,CPA,公認会計士,
R01,2,監査論,8,R01年Ⅱ短答式監査論-08,"財務報告に係る内部統制監査に関する次の記述のうち，正しいものの組合せとして最も適切な番号を一つ選びなさい。（5点）
ア．監査人は，全社的な内部統制に不備がある場合，当該状況は基本的な内部統制の整備に不備があることを意味していることから，当該内部統制に開示すべき重要な不備があると判断しなければならない。
イ．監査人は，評価対象となった業務プロセスに係る内部統制に不備が発見され，それが及ぼす影響に質的又は金額的な重要性があり期末日までに是正されない場合には，当該不備は開示すべき重要な不備に該当すると判断しなければならない。
ウ．監査人は，内部統制監査の実施において開示すべき重要な不備を発見した場合には，その内容を経営者に報告して是正を求めるとともに，当該開示すべき重要な不備の内容を経営者に報告した旨を取締役会及び監査役等に報告しなければならない。
エ．監査人は，期末日時点で開示すべき重要な不備があり，その旨を経営者が内部統制報告書に記載している場合には，それが監査報告書日までに是正されない限り，内部統制報告書が不適正である旨の意見を表明しなければならない。",4,アイ,アウ,アエ,イウ,イエ,ウエ,TRUE,監査論,CPA,公認会計士,
R01,2,監査論,9,R01年Ⅱ短答式監査論-09,"監査の品質管理に関する次の記述のうち，正しいものの組合せとして最も適切な番号を一つ選びなさい。（5点）
ア．監査事務所は，同一の企業の監査業務を担当する監査責任者が全員交代した場合には，不正リスクの程度にかかわらず，不正リスクを含む監査上の重要な事項が適切に伝達されるように監査業務の実施における品質を保持するための方針及び手続を定めなければならない。
イ．監査事務所は，監査契約の新規の締結及び更新の判断に関する方針及び手続に，不正リスクを考慮して監査契約の締結及び更新に伴うリスクを評価することを含めなければならず，不正リスクの考慮には，関与先の誠実性に関する理解が含まれる。
ウ．監査事務所は，不正による重要な虚偽表示の疑義に対応する十分かつ適切な経験や職位等の資格を有する審査担当者の選任に関する方針及び手続を定めなければならず，審査担当者には不正リスクに関する品質管理の責任者を含めなければならない。
エ．監査事務所は，不正による重要な虚偽表示を示唆する状況が識別された場合，重要な虚偽表示リスクに関する評価の見直しが必要であるかどうかについて，監査事務所としての審査が行われるよう，審査に関する方針及び手続を定めなければならない。",1,アイ,アウ,アエ,イウ,イエ,ウエ,TRUE,監査論,CPA,公認会計士,
R01,2,監査論,10,R01年Ⅱ短答式監査論-10,"「財務情報等に係る保証業務の概念的枠組みに関する意見書」に関する次の記述のうち，正しいものの組合せとして最も適切な番号を一つ選びなさい。（5点）
ア．合意された手続を保証業務としない主たる理由は，合意された手続が，主題に責任を負う者のみの利用又は利益のために行われる業務であり，主題に責任を負う者が唯一の利用者となるためである。
イ．保証業務の規準は，想定利用者にとって利用可能であることが求められるため，業務実施者は，特定の想定利用者にのみ利用可能であるような規準によって保証業務を行う場合，想定利用者を制限する旨を保証報告書に記載しなければならない。
ウ．保証業務の規準は，目的適合性，完全性，信頼性，中立性及び理解可能性の要件を満たすことが要求されるが，保証業務の受託後，これらのうち一部の要件を満たさないことが明らかになった場合，業務実施者は，当該業務の継続の可否や結論への影響を検討しなければならない。
エ．業務実施者は，主題に責任を負う者による想定利用者への主題情報の提示がない場合には，主題情報を保証報告書に記載した上で，それに関する積極的結論又は消極的結論を報告する。",4,アイ,アウ,アエ,イウ,イエ,ウエ,TRUE,監査論,CPA,公認会計士,
R01,2,監査論,11,R01年Ⅱ短答式監査論-11,"監査基準に関する次の記述のうち，正しいものの組合せとして最も適切な番号を一つ選びなさい。（5点）
ア．財務諸表監査が財務諸表の信頼性を保証する制度として成立するには，その品質を社会的な合意に基づいた一定の水準に保つために，監査を実施する監査人の資格や条件，監査の実施や報告に際しての要求事項等を社会的な規範として確立することが必要であり，その規範の一つが監査基準である。
イ．監査基準は，監査実務の中に慣習として発達したものの中から一般に公正妥当と認められたものを帰納要約したものであり，公認会計士や監査法人が実施する法定された財務諸表監査のみに対する質的下限を定めたものである。
ウ．我が国における一般に公正妥当と認められる監査の基準には，企業会計審議会が設定する監査基準等が含まれるが，四半期レビューは監査ではないため，同様に企業会計審議会が設定していても四半期レビュー基準は含まれない。
エ．平成30年改訂監査基準は，監査報告書に「監査上の主要な検討事項」の記載を求めたが，その目的は，監査人が実施した監査の透明性を向上させ，監査報告書の情報価値を高めることにある。",3,アイ,アウ,アエ,イウ,イエ,ウエ,TRUE,監査論,CPA,公認会計士,
R01,2,監査論,12,R01年Ⅱ短答式監査論-12,"監査基準「第一監査の目的」及び「第二一般基準」に関する次の記述のうち，正しいものの組合せとして最も適切な番号を一つ選びなさい。（5点）
ア．監査基準に監査の目的が規定された理由の一つに，利害関係者を啓発することによって期待ギャップの縮小を図り，財務諸表監査の信頼性を回復させることが挙げられる。
イ．監査人は，特別目的の財務諸表に対して準拠性に関する意見を表明する場合には，特別目的の財務諸表が表示のルールに準拠しているかどうかの評価を行う前に，当該財務諸表の利用者が財政状態や経営成績等を理解するに当たって当該財務諸表が全体として適切に表示されているかどうかの評価を行わなければならない。
ウ．公正不偏性と外観的独立性からなる監査人の独立性は，財務諸表監査の最も重要な存立基盤の一つであり，監査人はその保持に努めなければならない。
エ．監査人は，一般に公正妥当な監査の基準に準拠して，全体としての財務諸表に重要な虚偽表示がないことについての合理的な保証を得たが，重要な虚偽表示が事後的に発見された場合には，一般に公正妥当と認められる監査の基準に準拠して監査が実施されなかったとみなされる。",2,アイ,アウ,アエ,イウ,イエ,ウエ,TRUE,監査論,CPA,公認会計士,
R01,2,監査論,13,R01年Ⅱ短答式監査論-13,"監査調書に関する次の記述のうち，正しいものの組合せとして最も適切な番号を一つ選びなさい。（5点）
ア．監査調書は，監査人が実施した監査手続，入手した監査証拠及び監査人が到達した結論を記録するものであるが，これを用いて監査業務に係る審査も行われるため，監査人の結論に至るまでの過程を確認するために，結論に至っていない考え，予備的な考えを書いたメモ及び監査調書の草稿も含めなければならない。
イ．監査調書は，監査が一般に公正妥当と認められる監査の基準に準拠して実施されたという証拠を提供するものであるため，監査人が自らの責任を問われるような事態にあっては説明責任を果たすのに有用となる。
ウ．監査調書には被監査会社の機密情報が数多く含まれており，そこから機密情報の漏洩が生じることのないよう管理・保管に万全を期す必要がある。監査調書は監査事務所の所有に属するものの，その管理・保管に係る全ての責任は監査責任者が負わなければならない。
エ．監査人は，特定の監査業務に関する監査調書を取りまとめた監査ファイルの整理を最終的に完了させた後，その保存期間が終了するまで，いかなる監査調書であっても削除又は廃棄してはならない。",5,アイ,アウ,アエ,イウ,イエ,ウエ,TRUE,監査論,CPA,公認会計士,
R01,2,監査論,14,R01年Ⅱ短答式監査論-14,"リスク評価及び評価したリスクへの対応に関する次の記述のうち，正しいものの組合せとして最も適切な番号を一つ選びなさい。（5点）
ア．監査人は，リスク評価手続において，経営者への質問，分析的手続，記録や文書の閲覧など，必要であると判断した手続を実施すれば，リスク評価手続のみで監査意見の基礎となる十分かつ適切な監査証拠を入手することができる場合がある。
イ．監査人は，財務報告に関連する情報システムについて理解しなければならないが，これには，取引以外で，財務諸表に重要な影響を及ぼす事象の発生や状況を情報システムにより把握する方法も含まれる。
ウ．監査人は，特別な検討を必要とするリスクがあると判断した場合であっても，当該リスクに対する内部統制に依拠しないときは，当年度の監査において，関連する内部統制の運用状況の有効性を評価する必要はない。
エ．監査人は，特定のアサーションに対して，運用評価手続を実施するだけで，評価した重要な虚偽表示リスクに有効に対応することができると判断した場合，評価した重要な虚偽表示リスクの程度によっては，重要な取引種類，勘定残高，開示等について，実証手続を行わないことも認められる。",4,アイ,アウ,アエ,イウ,イエ,ウエ,TRUE,監査論,CPA,公認会計士,
R01,2,監査論,15,R01年Ⅱ短答式監査論-15,"分析的実証手続に関する次の記述のうち，正しいものの組合せとして最も適切な番号を一つ選びなさい。（5点）
ア．計画した分析的実証手続は，反証がない限り，データ間の関係が存在し継続するという推定に基づいて実施されるが，これらの関係を変化させ得る状況の例として，通例でない取引や事象，会計処理の変更，事業の変化，虚偽表示等が挙げられる。
イ．監査人は，計上された金額と監査人の推定値との差異に対して，追加的な調査を行わなくても監査上許容できる差異の金額を設定することになるが，その金額は，監査人が重要性の基準値よりも低い金額として設定する手続実施上の重要性と一致させる必要がある。
ウ．監査人は，分析的実証手続の実施により，監査人の推定値と大きく乖離する変動が識別された場合は，乖離の理由を調査しなければならないが，当該調査は，差異の内容に関する定性的な回答を経営者への質問を通じて入手することだけでは不十分である。
エ．監査人は，実証手続を立案し実施することが要求される場合には，評価した重要な虚偽表示リスクの程度にかかわらず，分析的実証手続だけでなく詳細テストによる検討も実施しなければならない。",2,アイ,アウ,アエ,イウ,イエ,ウエ,TRUE,監査論,CPA,公認会計士,
R01,2,監査論,16,R01年Ⅱ短答式監査論-16,"監査基準「第四報告基準」に関する次の記述のうち，正しいものの組合せとして最も適切な番号を一つ選びなさい。（5点）
ア．無限定適正意見が表明される監査報告書に記載される監査人の責任の記述には，継続企業の前提に関する経営者の評価を検討すること及び監査役等との適切な連携を図ることが含まれる。
イ．継続企業を前提として財務諸表を作成することが適切であるが，継続企業の前提に関する重要な不確実性が認められる場合，当該不確実性は，監査上の主要な検討事項に該当するため，監査人は，継続企業の前提に関する事項を監査報告書の監査上の主要な検討事項の区分に記載しなければならない。
ウ．監査人は，監査上の主要な検討事項として決定した事項について，当該事項の内容，当該事項を監査上の主要な検討事項と決定した理由，監査人の対応及び個々の監査上の主要な検討事項に対して表明した意見を監査報告書に記載しなければならない。
エ．監査人は，重要かつ広範な事項について虚偽の表示があることから不適正意見を表明する場合，当該意見に至った理由を意見の根拠の区分に記載するが，同時に当該理由以外に重要な事項があると判断した場合には，当該事項を監査上の主要な検討事項の区分に記載することができる。",3,アイ,アウ,アエ,イウ,イエ,ウエ,TRUE,監査論,CPA,公認会計士,
R01,2,監査論,17,R01年Ⅱ短答式監査論-17,"監査した財務諸表が含まれる開示書類におけるその他の記載内容（以下，「その他の記載内容」という。）に関する次の記述のうち，正しいものの組合せとして最も適切な番号を一つ選びなさい。（5点）
ア．その他の記載内容とは，監査した財務諸表及び監査報告書が含まれる開示書類のうち，財務諸表及び監査報告書以外の法令等又は慣行に基づき作成された情報をいい，当該情報の非財務情報以外の部分は監査人の監査対象となる。
イ．監査人は，監査した財務諸表との矛盾を識別するために，経営者による事業報告，財務概要又は財務ハイライト及び従業員の状況等のその他の記載内容を通読しなければならないが，企業のウェブサイトに掲載された情報まで対象とする必要はない。
ウ．監査人は，監査報告書日の前に入手したその他の記載内容について，財務諸表の表示との間に重要な相違を識別した場合，経営者がその他の記載内容の修正に同意しないとき，監査報告書において除外事項付意見を表明しなければならない。
エ．監査人は，監査報告書日の後に入手したその他の記載内容について，財務諸表の表示との間に重要な相違を識別した場合，経営者がその他の記載内容の訂正に同意したとき，以前に発行された財務諸表，監査報告書及びその他の記載内容を受領した者に対して訂正内容を伝達するために経営者が行う対応の検討を行うことがある。",5,アイ,アウ,アエ,イウ,イエ,ウエ,TRUE,監査論,CPA,公認会計士,
R01,2,監査論,18,R01年Ⅱ短答式監査論-18,"経営者とのディスカッションに関する次の記述のうち，正しいものの組合せとして最も適切な番号を一つ選びなさい。（5点）
ア．経営者には，監査人が監査証拠を入手するために必要と判断した企業構成員への無制限の質問や面談の機会を監査人に提供する責任がある。監査人は，経営者が当該責任を認識し理解している旨の合意を得られないことのみによって，監査契約の新規の締結又は更新を禁止されることはない。
イ．グループの構成単位の財務諸表に重要な影響を及ぼす可能性がある事項で，当該構成単位の経営者が把握していない事項にグループ監査チームが気付いた場合，グループ監査チームは，まず当該事項を当該構成単位の経営者と協議しなければならない。
ウ．監査人は，公正価値で測定・評価される金融商品の評価額を重要な事項として経営者と協議した場合には，当該協議事項の内容，協議を実施した日及び協議の相手方等について監査調書を作成しなければならない。
エ．監査人は，被監査会社に違法行為の疑いがあり，その違法行為の疑いに経営者が関与している可能性がある場合であっても，当該事項について経営者と協議しなければならない。",6,アイ,アウ,アエ,イウ,イエ,ウエ,TRUE,監査論,CPA,公認会計士,
R01,2,監査論,19,R01年Ⅱ短答式監査論-19,"監査役等とのコミュニケーションに関する次の記述のうち，正しいものの組合せとして最も適切な番号を一つ選びなさい。（5点）
ア．監査人の監査役等とのコミュニケーションは，監査役等による財務報告プロセスの監視に役立つが，監査人はその結果として財務諸表の重要な虚偽表示リスクが軽減されることを意図しているわけではない。
イ．監査人は，被監査会社における関連当事者との通例ではない重要な取引に気付いた場合には，計画した監査の範囲とその実施時期の概要について監査役等とコミュニケーションを行う際に，これを伝達しなければならない。
ウ．上場企業の監査人が監査人の独立性に関して被監査会社の監査役等と口頭でコミュニケーションを行い，いつ，誰と，どのような内容についてコミュニケーションを行ったかを記載した監査調書を作成すれば，当該監査人は書面によるコミュニケーションを省略することができる。
エ．監査人は，未修正の重要な虚偽表示を識別した場合には，当該虚偽表示の内容及びそれが個別に又は集計して監査意見に与える影響について，監査役等に報告しなければならないが，この際監査人は，監査役等にそれが未修正の重要な虚偽表示であることを明示しなければならない。",5,アイ,アウ,アエ,イウ,イエ,ウエ,TRUE,監査論,CPA,公認会計士,
R01,2,監査論,20,R01年Ⅱ短答式監査論-20,"「監査における不正リスク対応基準」に関する次の記述のうち，正しいものの組合せとして最も適切な番号を一つ選びなさい。（5点）
ア．監査実施の過程において，不正による重要な虚偽の表示を示唆する状況を識別した際に，不正による重要な虚偽表示の疑義が存在していないかどうかを判断するために，追加的な監査手続とともに監査人が行う手続は，経営者に対する質問である。
イ．監査人は，監査に臨むに当たり，過去に経営者が不正を行った事実を識別している場合には，当該経営者が不誠実であると想定しなければならない。
ウ．監査人は，不正を識別した場合でも，守秘義務があるため，被監査会社の同意がある場合や法令等の規定に基づく場合等正当な理由がある場合を除き，当該不正の事実を規制当局に対して報告してはならない。
エ．監査チームは，不正はこれを隠蔽するために巧妙かつ念入りに仕組まれたスキームを伴うことが多いため，不正リスク対応手続",2,アイ,アウ,アエ,イウ,イエ,ウエ,TRUE,監査論,CPA,公認会計士,
R01,1,監査論,1,R01年Ⅰ短答式監査論-01,"財務諸表監査に関する次の記述のうち，正しいものの組合せとして最も適切な番号を一つ選びなさい。（5点）
ア．監査人の監査実施の総括的目的の一つは，監査人が全体として財務諸表に重要な虚偽表示がないかどうかについて合理的な保証を得ることにより，財務諸表がすべての重要な点において適正に表示されているかどうかに関して，意見を表明できるようにすることである。
イ．監査人は，法律上の解釈が必要となるような違法行為の兆候を発見した場合には，意見表明による財務諸表の適正性の保証の対象としてではなく，当該事項の経営者等への報告によって対応しなければならない。
ウ．監査人が財務諸表の表示に関して適正であると判断し，さらにその判断に関して説明を付す必要がある事項や財務諸表の記載について強調する必要がある事項を監査報告書において追記することは，監査人の指導的機能に該当する。
エ．監査を合理的な期間内に合理的なコストで実施する必要性など，財務諸表監査には固有の限界があるため，監査人が結論を導き，意見表明の基礎となる監査証拠の大部分は，絶対的というより心証的なものとなる。",3,アイ,アウ,アエ,イウ,イエ,ウエ,TRUE,監査論,CPA,公認会計士,
R01,1,監査論,2,R01年Ⅰ短答式監査論-02,"公認会計士法に関する次の記述のうち，正しいものの組合せとして最も適切な番号を一つ選びなさい。（5点）
ア．ある会社の財務書類について監査法人の行う監査証明業務に関与した公認会計士が，当該財務書類に係る会計期間又はその翌会計期間内に，その被監査会社の連結会社の役員となった場合，当該監査法人は当該期間に係る被監査会社の監査証明業務を行うことはできない。
イ．公認会計士が会計帳簿の記帳の代行その他の財務書類の調製に関する業務を行いながら同時に監査証明業務を行うことは，公認会計士が監査人として自ら行った業務を自らの監査対象とすることにつながるおそれがあることから，いかなる場合にも禁止される。
ウ．監査法人の社員は，他の社員全員の承認を受けた場合には，自己又は第三者のために，その監査法人の業務と競合する監査証明業務を行うことができる。
エ．公認会計士が，故意に，虚偽のある財務書類を虚偽のないものとして証明した場合には，内閣総理大臣は，2年以内の業務の停止又は登録の抹消の処分をすることができる。",3,アイ,アウ,アエ,イウ,イエ,ウエ,TRUE,監査論,CPA,公認会計士,
R01,1,監査論,3,R01年Ⅰ短答式監査論-03,"監査人の職業倫理及び独立性に関する次の記述のうち，正しいものの組合せとして最も適切な番号を一つ選びなさい。（5点）
ア．監査事務所は，独立性の保持が要求される全ての専門要員から，独立性保持のための方針及び手続の遵守に関する確認書を，少なくとも年に一度入手しなければならず，その際入手する確認書は紙媒体又は電子的媒体によることができる。
イ．被監査会社が上場企業の場合，監査人は，独立性を阻害する要因を識別したとき，当該要因を除去又は許容可能な水準にまで軽減するために講じられたセーフガードについて，当該企業の監査役等とコミュニケーションを行わなければならない。
ウ．監査事務所は，職業倫理に関する規定に含まれる独立性の規定を遵守することを確保するために，独立性の保持のための方針及び手続を定めなければならないが，当該方針及び手続が適用されるのは，監査事務所及びその専門要員であり，監査事務所が所属するネットワーク・ファームの専門要員は含まれない。
エ．監査人は，被監査会社との間の特別の利害関係を検討するに当たって，被監査会社の持分法適用会社まで考慮に入れる必要はない。",1,アイ,アウ,アエ,イウ,イエ,ウエ,TRUE,監査論,CPA,公認会計士,
R01,1,監査論,4,R01年Ⅰ短答式監査論-04,"金融商品取引法監査制度に関する次の記述のうち，正しいものの組合せとして最も適切な番号を一つ選びなさい。（5点）
ア．公認会計士又は監査法人は，内閣総理大臣が公益又は投資者保護のため必要かつ適当であると認める場合であっても，守秘義務から，自らが行った金融商品取引所に上場されている有価証券の発行会社の財務計算に関する書類及び内部統制報告書の監査証明について参考となるべき報告又は資料の提出をしてはならない。
イ．上場会社が提出する財務計算に関する書類は，原則として，公認会計士又は監査法人による監査証明が必要であるが，公益又は投資者保護に欠けることがないものとして内閣総理大臣の承認を受けた場合には，監査証明は不要となる。
ウ．金融商品取引法は，上場会社の監査証明を行う公認会計士又は監査法人を会社法上の会計監査人とすることを求めている。
エ．四半期財務諸表の監査証明は，一般に公正妥当と認められる監査に関する基準及び慣行に従って実施された四半期レビューの結果に基づいて作成される四半期レビュー報告書により行われる。",5,アイ,アウ,アエ,イウ,イエ,ウエ,TRUE,監査論,CPA,公認会計士,
R01,1,監査論,5,R01年Ⅰ短答式監査論-05,"会社法監査制度に関する次の記述のうち，正しいものの組合せとして最も適切な番号を一つ選びなさい。（5点）
ア．会計監査人は，会社の役員と同様に委任に関する規定に従い，その任務を怠ったときは会社に対して損害賠償責任を負うが，全ての株主が同意した場合には免除される。
イ．監査等委員会設置会社において，原則，監査等委員である取締役の任期は2年，それ以外の取締役の任期は1年である。ただし，それぞれの任期について，後者が前者を超えない範囲で定款又は株主総会の決議で短縮することが可能である。
ウ．監査等委員会設置会社において，取締役会は必ずしも過半数が社外取締役である必要はないが，監査等委員会は過半数を社外取締役が占めなければならない。
エ．監査役は，必要に応じて，子会社に事業の報告を求めること並びに子会社の業務及び財産の状況を調査することが可能であり，子会社は，これらを拒むことができない。",2,アイ,アウ,アエ,イウ,イエ,ウエ,TRUE,監査論,CPA,公認会計士,
R01,1,監査論,6,R01年Ⅰ短答式監査論-06,"内部統制監査に関する次の記述のうち，正しいものの組合せとして最も適切な番号を一つ選びなさい。（5点）
ア．内部統制監査において，監査人が内部統制の有効性を評価する際に，内部統制の有効性の経営者による評価結果を利用しない場合には，監査人は経営者の評価方法を具体的に検証する必要はない。
イ．我が国の内部統制監査に関する基準上，経営者による内部統制の有効性に関する評価結果と関係なく，内部統制の整備及び運用状況を監査人が直接検証する形式の内部統制監査も認められている。
ウ．内部統制監査を実施する監査事務所は，原則として財務諸表監査と同一でなければならないが，当該監査事務所の中で業務執行社員まで同一であることは求められていない。
エ．内部統制監査における経営者による内部統制の有効性の評価結果は，その評価方法を具体的に検証することによって，監査人自らが入手した監査証拠として利用することができる。",3,アイ,アウ,アエ,イウ,イエ,ウエ,TRUE,監査論,CPA,公認会計士,
R01,1,監査論,7,R01年Ⅰ短答式監査論-07,"内部統制監査に関する次の記述のうち，正しいものの組合せとして最も適切な番号を一つ選びなさい。（5点）
ア．監査人は，全社的な内部統制の運用状況を検討するに当たり，経営者により統制環境に係るいくつかの項目について内部統制の運用状況に関する記録が作成されていない場合には，評価の対象となる情報が存在しないため，経営者が決定した評価範囲，評価手続及び評価結果に関して不適切なものがあるものとして評価する。
イ．監査人は，内部統制監査業務について，関係法令に規定する身分的，経済的利害関係を有してはならず，二重責任の原則の適用も受けるため，経営者から内部統制の構築の段階において意見を求められても応じてはならない。
ウ．内部統制監査において，監査人が経営者の内部統制の運用評価の妥当性を検討する際に，監査人自身はサンプル抽出を全く行わずに経営者の抽出したサンプルを自らの用いるサンプルとして選択して検討を行うことがあり得る。
エ．監査人は，経営者による業務プロセスに係る内部統制の評価の妥当性を検討するに当たり，経営者が評価した個々の統制上の要点について，内部統制の基本的要素が適切に機能しているかを判断するため，実在性，網羅性，権利と義務の帰属等の監査要点に適合した監査証拠を入手しなければならない。",6,アイ,アウ,アエ,イウ,イエ,ウエ,TRUE,監査論,CPA,公認会計士,
R01,1,監査論,8,R01年Ⅰ短答式監査論-08,"四半期レビューに関する次の記述のうち，正しいものの組合せとして最も適切な番号を一つ選びなさい。（5点）
ア．四半期レビューにおいて監査人が要求される保証水準は財務諸表監査よりも低いため，職業的懐疑心の発揮の程度は，財務諸表監査のそれよりも低くなる。
イ．四半期レビュー基準において監査人は，質問に対する回答が合理的である場合には，当該回答を裏付ける証拠の入手は要求されない。
ウ．四半期レビューにおいて分析的手続を実施した結果，財務変動に係る矛盾又は異常な変動に気付いた場合には，監査人は関係書類の閲覧を実施してその原因を確認しなければならない。
エ．四半期レビュー手続において監査人は，四半期財務諸表における会計上の見積りに対して，経営者が行った見積りの方法の評価，経営者の見積りと監査人が行った見積りの比較及び経営者の見積りと実績との比較等は要求されない。",5,アイ,アウ,アエ,イウ,イエ,ウエ,TRUE,監査論,CPA,公認会計士,
R01,1,監査論,9,R01年Ⅰ短答式監査論-09,"監査の品質管理に関する次の記述のうち，正しいものの組合せとして最も適切な番号を一つ選びなさい。（5点）
ア．監査事務所は，品質管理に関する責任，職業倫理及び独立性，監査契約の新規の締結及び更新，業務の実施，品質管理のシステムの監視などに関する方針及び手続からなる品質管理のシステムを，内部規程や監査マニュアル等において文書化し，かつ専門要員に伝達しなければならない。
イ．主要な担当者が同一の監査業務に長期間にわたって関与した場合，独立性を阻害する馴れ合い及び自己利益を生じさせてしまうことがあるため，監査事務所は，全ての監査業務において，監査責任者及び審査担当者を一定期間でローテーションさせなければならない。
ウ．監査責任者は，監査報告書日以前に，得られた結論と監査意見を裏付けるのに十分かつ適切な監査証拠が入手されていることを確かめる責任はあるが，全ての監査調書を査閲することまでは求められていない。
エ．監査人は，監査報告書日後，適切な期限内に，監査ファイルにおける監査調書を整理し，監査ファイルの最終的な整理についての事務的な作業を完了しなければならず，監査ファイルの最終的な整理が完了した後に，監査調書の修正又は追加の記録を行うことはない。",2,アイ,アウ,アエ,イウ,イエ,ウエ,TRUE,監査論,CPA,公認会計士,
R01,1,監査論,10,R01年Ⅰ短答式監査論-10,"監査業務の審査に関する次の記述のうち，正しいものの組合せとして最も適切な番号を一つ選びなさい。（5点）
ア．監査業務の審査担当者に求められる十分かつ適切な知識，経験，能力，職位等の資格は，個々の業務の状況によって異なるが，原則として，その監査業務に対する客観性を有する者の中から，監査責任者が審査担当者を指名する。
イ．審査担当者は，監査チームが行った重要な判断や監査意見を客観的に評価することを求められており，審査において，重要な事項について監査責任者と討議するだけでなく，監査チームが行った重要な判断とその結論に関する監査調書の検討も実施しなければならない。
ウ．監査事務所は，特定の監査業務に関して審査担当者を選任せず，適格者で構成される会議体による審査を実施することができる。この場合，会議体の構成員が従事している監査業務の審査においては，当該構成員は審査には加われないものの案件の説明はできる。
エ．監査責任者は，審査担当者の客観性を維持できるか否かにかかわらず，自らが行った判断を審査担当者が同意するかどうかを確かめるため，業務の実施中に，審査担当者に専門的な見解の問合せを行うことはできない。",4,アイ,アウ,アエ,イウ,イエ,ウエ,TRUE,監査論,CPA,公認会計士,
R01,1,監査論,11,R01年Ⅰ短答式監査論-11,"企業会計審議会が公表した監査に関する諸基準についての記述のうち，正しいものの組合せとして最も適切な番号を一つ選びなさい。（5点）
ア．監査人が財務諸表監査を行うに当たり，監査における不正リスク対応基準は，常に監査基準及び監査に関する品質管理基準とともに一般に公正妥当と認められる監査の基準を構成するため，監査基準及び監査に関する品質管理基準と一体となって適用されなければならない。
イ．監査人が四半期レビュー手続を行うに当たり，四半期レビュー基準の他に，監査人が備えるべき要件及び監査に対する姿勢について定めている監査基準の一般基準及び監査に関する品質管理基準が適用される。
ウ．監査人は，内部統制監査を行うに当たり，財務報告に係る内部統制の評価及び監査の基準の他に，監査基準の一般基準を遵守することが求められるが，監査に関する品質管理基準を遵守することは求められない。
エ．監査人が中間監査を行うに当たり，中間監査基準の他に，監査に関する品質管理基準が適用されるが，監査基準はそのまま中間監査に適用されるのではなく基本的には準用される。",5,アイ,アウ,アエ,イウ,イエ,ウエ,TRUE,監査論,CPA,公認会計士,
R01,1,監査論,12,R01年Ⅰ短答式監査論-12,"監査における正当な注意と職業的懐疑心に関する次の記述のうち，正しいものの組合せとして最も適切な番号を一つ選びなさい。（5点）
ア．監査における正当な注意とは，職業的専門家として当然払うべき注意であり，専門家の責任の限界にも関連するが，公認会計士法では監査人が監査証明について「相当の注意」を怠ったかどうかで懲戒処分の対象となる場合がある。
イ．監査人による職業的懐疑心の保持や発揮が適切であったか否かは，具体的な状況において監査人が行った監査手続の内容で判断される。
ウ．監査人に求められる職業的懐疑心は，現在特に重視されており，監査人は，財務諸表監査を行うに際し，経営者が誠実であるという想定は認められず，経営者は不誠実であるという想定をして監査を行う場合がある。
エ．監査人は，矛盾する監査証拠を見出した場合など，経営者に対する職業的懐疑心を高めることがある一方で，過去の経験に基づいて経営者に信頼が置けると認識して，職業的懐疑心を保持する必要性を軽減できる場合がある。",1,アイ,アウ,アエ,イウ,イエ,ウエ,TRUE,監査論,CPA,公認会計士,
R01,1,監査論,13,R01年Ⅰ短答式監査論-13,"監査計画に関する次の記述のうち，正しいものの組合せとして最も適切な番号を一つ選びなさい。（5点）
ア．監査計画の目的及び監査計画に係る活動の内容と範囲は，初年度監査，継続監査いずれにおいても同じである。
イ．監査人は，監査計画通りに円滑に監査を実施するために，実施する監査手続の種類や実施時期等の監査計画の内容に関する事項について，事前に経営者と協議するとともに，被監査会社の従業員の業務と連携しなければならない。
ウ．監査計画の策定は，前年度の監査の終了直後，又は前年度の監査の最終段階から始まり，当年度の監査の終了まで継続するが，監査計画には，例えば専門家の業務の利用の程度の決定のようなリスク対応手続の実施前に完了することが必要な活動が含まれる。
エ．監査人は，監査手続を計画した時点での利用可能な情報と著しく異なる情報に気付いた場合，改訂されたリスク評価の結果に基づいて監査計画を修正することが必要となるが，この修正は監査の基本的な方針まで及ぶことがある。",6,アイ,アウ,アエ,イウ,イエ,ウエ,TRUE,監査論,CPA,公認会計士,
R01,1,監査論,14,R01年Ⅰ短答式監査論-14,"監査上の重要性に関する次の記述のうち，正しいものの組合せとして最も適切な番号を一つ選びなさい。（5点）
ア．監査人は，監査を計画するに当たっては，企業の具体的な状況等を考慮した上で，財務諸表のあらゆる利用者の経済的な意思決定に影響を与えるかどうかという観点から重要性を検討し決定する。
イ．監査人は，製薬会社の研究開発費のように，個別の財務諸表項目であるが，投資家が投資意思決定において重視している開示項目については，個別に重要性の基準値を設定することがある。
ウ．監査人は，監査計画の策定時に重要性の基準値を設定し，これと監査の実施過程で発見された虚偽表示の金額との比較で最終的に監査意見を形成する。したがって，監査人は，監査実施の過程において，当初決定した重要性の基準値を変更してはならない。
エ．手続実施上の重要性を重要性の基準値よりも低く設定する理由は，未修正の虚偽表示及び未発見の虚偽表示があった場合に，それらの合計が重要性の基準値を上回る可能性を適切な低い水準に抑制するためである。",5,アイ,アウ,アエ,イウ,イエ,ウエ,TRUE,監査論,CPA,公認会計士,
R01,1,監査論,15,R01年Ⅰ短答式監査論-15,"リスク評価手続に関する次の記述のうち，正しいものの組合せとして最も適切な番号を一つ選びなさい。（5点）
ア．監査人は，過年度の監査で実施した監査手続から得られた情報を利用することがある。その場合には，当該情報が当年度においても適合しているかどうかを検討しなければならない。
イ．監査人は，識別した重要な虚偽表示リスクが特別な検討を必要とするリスクであるかどうかを決定する際，関連する統制活動を含む内部統制の影響を考慮しなければならない。
ウ．監査人は，リスク評価手続において，質問及び分析的手続を必ず実施しなければならないが，重要な虚偽表示リスクが高いと見込まれる場合には，追加的に記録や文書の閲覧も実施しなければならない。
エ．監査人は，監査の効率性の観点から，アサーション・レベルの重要な虚偽表示リスクを識別し評価するために実施する監査手続を，運用評価手続や実証手続と同時に実施することがある。",3,アイ,アウ,アエ,イウ,イエ,ウエ,TRUE,監査論,CPA,公認会計士,
R01,1,監査論,16,R01年Ⅰ短答式監査論-16,"リスク対応手続に関する次の記述のうち，正しいものの組合せとして最も適切な番号を一つ選びなさい。（5点）
ア．適切な財務報告に対する経営者の姿勢に重大な問題があるなど，広く財務諸表全体に関連する重要な虚偽表示リスクがある場合の監査人の対応には，例えば，監査チームメンバーへの指導監督の強化，より確かな心証が得られる監査証拠を入手するための監査手続の変更が含まれる。
イ．監査人は，期末日前を基準日として実証手続を実施する場合，期末日前を基準日として実施した実証手続の結果に照らして期末日現在の残高の妥当性を検証するため，基準日から期末日までの残余期間について運用評価手続を実施しなければならない。
ウ．監査人は，実証手続のみではアサーション・レベルで十分かつ適切な監査証拠を入手できない場合には，関連する内部統制を理解するとともに，内部統制の運用状況の有効性に関する監査証拠を入手するために，運用評価手続を立案し実施しなければならない。
エ．監査人は，特別な検討を必要とするリスクをアサーション・レベルで識別した場合，当該リスクへの対応として実証手続のみを実施するときには，詳細テスト及び分析的実証手続を実施しなければならない。",2,アイ,アウ,アエ,イウ,イエ,ウエ,TRUE,監査論,CPA,公認会計士,
R01,1,監査論,17,R01年Ⅰ短答式監査論-17,"監査サンプリングに関する次の記述のうち，正しいものの組合せとして最も適切な番号を一つ選びなさい。（5点）
ア．監査サンプリングには，統計的サンプリングと非統計的サンプリングがあるが，詳細テストの実施に際して，著しく多くのサンプル数を抽出する必要がある場合には，統計的サンプリングを実施しなければならない。
イ．サンプリングにおけるサンプル数は，統計的手法によって決定するだけでなく，監査人の職業的専門家としての判断によって決定することができる場合もある。
ウ．監査人が運用評価手続におけるサンプル数を決定する際に，テストすべき母集団における予想逸脱率が高いほど，実際の逸脱率を合理的に推定するために，より多くのサンプル数が必要となる。
エ．取引種類又は勘定残高から特定項目を抽出する試査は，潜在的に誤謬を含む可能性が高い項目等を母集団から抽出する監査手続であり，発見された誤謬をもとに母集団全体の特性を推定することができる。",4,アイ,アウ,アエ,イウ,イエ,ウエ,TRUE,監査論,CPA,公認会計士,
R01,1,監査論,18,R01年Ⅰ短答式監査論-18,"監査基準「第四報告基準」に関する次の記述のうち，正しいものの組合せとして最も適切な番号を一つ選びなさい。（5点）
ア．監査人は，財務諸表に対して限定付適正意見を表明する場合，監査報告書の意見区分の直前に，限定付適正意見を表明する原因となる事項について記載する区分を設けなければならず，当該区分には金額的な影響額とそれに関する説明を記載することがある。
イ．監査人は，意見の表明に先立ち，自らの意見が一般に公正妥当と認められる監査の基準に準拠して適切に形成されていることを確かめるため，意見表明に関する審査を受けなければならないが，意見不表明の場合には，当該審査を受ける必要はない。
ウ．監査人は，意見表明の基礎となる十分かつ適切な監査証拠を入手できず，かつ，未発見の虚偽表示がもしあるとすれば，それが財務諸表に及ぼす可能性のある影響が，重要かつ広範であると判断する場合には，不適正意見を表明しなければならない。
エ．監査人は，仮想通貨取引といった新しい会計取引が行われている場合，財務諸表の適正性を判断するに当たり，経営者による会計方針の選択や適用方法が，会計事象や取引の実態を適切に反映するものであるかどうかを自己の判断で評価しなければならない。",3,アイ,アウ,アエ,イウ,イエ,ウエ,TRUE,監査論,CPA,公認会計士,
R01,1,監査論,19,R01年Ⅰ短答式監査論-19,"監査報告書に関する次の記述のうち，正しいものの組合せとして最も適切な番号を一つ選びなさい。（5点）
ア．監査報告書では，表題において，監査人が独立性についての職業倫理に関する規定の全てを満たしていることの表明が示されているとともに，その他の事項区分において，法令の規定により記載すべき利害関係がない旨を記載することが求められている。
イ．財務諸表に対する経営者の責任区分には，監査の前提に関する利用者の理解に資するために，経営者が，適用される財務報告の枠組みに準拠して財務諸表を作成する責任を有すること，並びに不正又は誤謬による重要な虚偽表示のない財務諸表の作成に必要な内部統制の整備及び運用に対して責任を有することが必ず記載されなければならない。
ウ．監査人は，経営者確認書を企業の代表取締役や最高財務責任者から入手することから，監査報告書の宛先についても代表取締役とするのが通常である。
エ．監査人の責任区分には，監査手続が監査人の判断により不正又は誤謬による財務諸表の重要な虚偽表示リスクの評価に基づいて選択及び適用される旨，並びに監査人が財務諸表の金額及び開示について監査証拠を入手するために試査に基づき監査を実施する旨を記載しなければならない。",1,アイ,アウ,アエ,イウ,イエ,ウエ,TRUE,監査論,CPA,公認会計士,
R01,1,監査論,20,R01年Ⅰ短答式監査論-20,"「監査における不正リスク対応基準」に関する次の記述のうち，正しいものの組合せとして最も適切な番号を一つ選びなさい。（5点）
ア．監査人は，被監査企業と取引先企業との通謀，いわゆる循環取引が疑われる場合には，監査役等に報告し，協議の上，取引先企業の監査人と連携するよう監査計画を修正しなければならない。
イ．監査人は，監査実施の過程において，経営者の関与が疑われる不正を発見した場合には，監査役等に報告し，協議の上，経営者に問題点の是正等適切な措置を求めなければならない。
ウ．監査人は，不正リスクが存在する場合に実施した積極的確認に対して，回答がないか，又は回答が不十分であったときは，全ての記載事項についての回答を入手できるよう留意し，代替的な手続に移行する場合には慎重に判断しなければならない。
エ．監査実施の過程において，不正による重要な虚偽の表示を示唆する状況を識別した場合には，想定される不正の態様等に直接対応した監査手続を立案し監査計画を修正しなければならない。",4,アイ,アウ,アエ,イウ,イエ,ウエ,TRUE,監査論,CPA,公認会計士,
R01,1,企業法,1,R01年Ⅰ短答式企業法-01,"個人商人に関する次の記述のうち，正しいものの組合せとして最も適切な番号を一つ選びなさい。なお，商法の規定を変更し又は排除する特約はないものとする。（5点）
ア．鉱業を営む者は，商行為を行うことを業としない者であっても，商人とみなされる。
イ．営業を譲り受けた商人（以下，「譲受人」という。）が，営業を譲渡した商人（以下，「譲渡人」という。）の営業によって生じた債務を引き受ける旨の広告をしたことにより，譲渡人の債務を弁済する責任を負う場合，譲受人の責任は，当該広告があった日後2年以内に請求又は請求の予告をしない債権者に対しては，その期間を経過した時に消滅する。
ウ．物品の賃貸を目的とする店舗の使用人は，当該使用人に対して商人が権限を与えていないことにつき相手方が悪意であった場合を除き，その店舗に在る物品の賃貸をする権限を有するものとみなされる。
エ．代理商が，商人のために取引の代理又は媒介をしたことによって生じた債権の弁済期が到来しているときは，その弁済を受けるまでは，当該商人のために当該代理商が占有している物を留置することができるが，有価証券を留置することはできない。",2,アイ,アウ,アエ,イウ,イエ,ウエ,TRUE,企業法,CPA,公認会計士,
R01,1,企業法,2,R01年Ⅰ短答式企業法-02,"商行為に関する次の記述のうち，正しいものの組合せとして最も適切な番号を一つ選びなさい。（5点）
ア．他人から取得する有価証券の供給契約及びその履行のためにする有償取得を目的とする行為は，絶対的商行為に当たる。
イ．数人の者がその一人又は全員のために商行為となる行為によって債務を負担したときは，別段の意思表示がない限り，各債務者は，債権者に対し平等に分割された債務を負担する。
ウ．匿名組合契約は，匿名組合員と営業者との間に特約がない限り，当該匿名組合員の死亡によって終了する。
エ．倉庫営業者が寄託物について倉荷証券を発行した場合は，倉庫営業者は，倉荷証券の所持人に対してこれと引換えでなければ，寄託物の返還をすることを要しない。",3,アイ,アウ,アエ,イウ,イエ,ウエ,TRUE,企業法,CPA,公認会計士,
R01,1,企業法,3,R01年Ⅰ短答式企業法-03,"創立総会に関する次の記述のうち，正しいものの組合せとして最も適切な番号を一つ選びなさい。（5点）
ア．創立総会は，株式会社の設立の廃止については，決議をすることができない。
イ．創立総会の決議は，当該創立総会において議決権を行使することができる設立時株主の議決権の過半数であって，出席した当該設立時株主の議決権の過半数をもって行う。
ウ．設立時株主が創立総会の決議の取消しを求める訴えは，当該決議の日から3か月以内に提起しなければならない。
エ．設立時募集株式の引受人は，創立総会においてその議決権を行使した後は，強迫を理由として設立時発行株式の引受けの取消しをすることができない。",6,アイ,アウ,アエ,イウ,イエ,ウエ,TRUE,企業法,CPA,公認会計士,
R01,1,企業法,4,R01年Ⅰ短答式企業法-04,"種類株式発行会社でない株式会社の定款に関する次の記述のうち，正しいものの組合せとして最も適切な番号を一つ選びなさい。（5点）
ア．発起設立において，発起人は，発行可能株式総数を定款で定めている場合には，株式会社の成立の時までに，その過半数の同意によって，当該発行可能株式総数についての定款の変更をすることができる。
イ．募集設立の場合において，設立時募集株式と引換えにする金銭の出資の払込みの期日以後の定款の変更は，創立総会の決議によらなければならない。
ウ．株式会社の存続期間は，定款に記載し又は記録することができる。
エ．株式会社の公告方法は，定款に記載し又は記録しなければならない。",4,アイ,アウ,アエ,イウ,イエ,ウエ,TRUE,企業法,CPA,公認会計士,
R01,1,企業法,5,R01年Ⅰ短答式企業法-05,"株主の権利の行使に関する利益の供与（株式会社又はその子会社の計算においてするものに限る。）に関する次の記述のうち，正しいものの組合せとして最も適切な番号を一つ選びなさい。（5点）
ア．株式会社が特定の株主に対して無償で財産上の利益を供与したときは，当該株式会社は，株主の権利の行使に関し，財産上の利益の供与をしたものと推定される。
イ．株式会社の株主は，当該株式会社から株主の権利の行使に関して財産上の利益の供与を受けた者に対し，当該株式会社のために，供与された財産上の利益の返還を求める訴えを提起することができない。
ウ．株式会社が，株主の権利の行使に関し，その子会社の計算において，財産上の利益の供与をしたときは，当該利益の供与をすることに関与した取締役は，その職務を行うについて注意を怠らなかったことを証明しない限り，当該子会社に対して，連帯して，供与した利益の価額に相当する額を支払う義務を負う。
エ．株主の権利の行使に関してなされた株式会社による財産上の利益の供与に関与した取締役が，供与した利益の価額に相当する額を当該株式会社に対して支払う義務は，総株主の同意がなければ，免除することができない。",3,アイ,アウ,アエ,イウ,イエ,ウエ,TRUE,企業法,CPA,公認会計士,
R01,1,企業法,6,R01年Ⅰ短答式企業法-06,"種類株式発行会社でない株式会社が行う株式の分割又は株式無償割当てに関する次の記述のうち，正しいものの組合せとして最も適切な番号を一つ選びなさい。（5点）
ア．株式の分割によって1株に満たない端数が生じることはあるが，株式無償割当てによって1株に満たない端数が生じることはない。
イ．自己株式は，株式の分割の対象となる。
ウ．株式会社は，自己株式についても，株式無償割当てを行うことができる。
エ．株式の分割又は株式無償割当てによって発行済株式の数が増加しても，資本金の額は増加しない。",5,アイ,アウ,アエ,イウ,イエ,ウエ,TRUE,企業法,CPA,公認会計士,
R01,1,企業法,7,R01年Ⅰ短答式企業法-07,"募集株式の発行に関する次の記述のうち，正しいものの組合せとして最も適切な番号を一つ選びなさい。なお，定款に別段の定めはないものとする。（5点）
ア．募集事項として払込期間が定められた場合，募集株式の引受人は，その期間内において出資の履行をした日に，募集株式の株主となる。
イ．株式会社が，募集株式の発行に際して株主に株式の割当てを受ける権利を与えた場合において，当該株主は，当該募集株式の引受けの申込期日までに申込みをしないときは，当該募集株式の割当てを受ける権利を失う。
ウ．募集株式の引受人は，株主となった日からその株式について権利を行使せずに6か月を経過した後は，詐欺を理由として，当該募集株式の引受けの取消しをすることができない。
エ．公開会社でない株式会社において，株主割当てによって募集株式を発行する場合には，募集事項は取締役（取締役会設置会社の場合は取締役会）が決定する。",1,アイ,アウ,アエ,イウ,イエ,ウエ,TRUE,企業法,CPA,公認会計士,
R01,1,企業法,8,R01年Ⅰ短答式企業法-08,"監査等委員会設置会社に関する次の記述のうち，正しいものの組合せとして最も適切な番号を一つ選びなさい。（5点）
ア．監査等委員会設置会社は，会計監査人を置かなければならない。
イ．監査等委員である取締役は，監査等委員会設置会社の子会社の会計参与を兼ねることができない。
ウ．監査等委員は，取締役の中から，取締役会の決議によって選定する。
エ．監査等委員会設置会社には，1人又は2人以上の執行役を置かなければならない。",1,アイ,アウ,アエ,イウ,イエ,ウエ,TRUE,企業法,CPA,公認会計士,
R01,1,企業法,9,R01年Ⅰ短答式企業法-09,"株主総会に関する次の記述のうち，最高裁判所の判例の趣旨に照らして，正しいものの組合せとして最も適切な番号を一つ選びなさい。（5点）
ア．公開会社でない取締役会設置会社において，取締役会の決議によるほか，株主総会の決議によっても代表取締役を定めることができる旨の定款の定めは無効である。
イ．ある株主に対する招集通知の欠如は，全ての株主に対する関係において取締役の職務上の義務違反を構成する。
ウ．役員選任の株主総会決議取消しの訴えが係属中，当該決議に基づいて選任された取締役ら役員が全て任期満了により退任し，その後の株主総会の決議によって取締役ら役員が新たに選任された場合には，特段の事情のない限り，当該取消しの訴えは実益を失い，訴えの利益を欠くに至る。
エ．株主総会決議は，定款に別段の定めがない限り，議案に対する賛成の議決権数が決議の成立に必要な数に達したことを明白にするため，挙手，起立，投票等の採決の手続を採らなければならない。",4,アイ,アウ,アエ,イウ,イエ,ウエ,TRUE,企業法,CPA,公認会計士,
R01,1,企業法,10,R01年Ⅰ短答式企業法-10,"取締役会設置会社以外の株式会社（種類株式発行会社を除く。）の株主総会に関する次の記述のうち，正しいものの組合せとして最も適切な番号を一つ選びなさい。（5点）
ア．株主総会は，会社法に規定する事項及び株式会社の組織，運営，管理その他株式会社に関する一切の事項について決議をすることができる。
イ．株主総会に出席しない株主が書面又は電磁的方法によって議決権を行使することができる旨を定めていないときは，当該株主総会の招集の通知を書面又は電磁的方法以外の方法ですることができる。
ウ．6か月前から引き続き株式を有する株主に限り，取締役に対し，一定の事項を株主総会の目的とすることを請求することができる。
エ．株主総会は，取締役が定めた当該株主総会の目的である事項以外の事項について決議をすることはできない。",1,アイ,アウ,アエ,イウ,イエ,ウエ,TRUE,企業法,CPA,公認会計士,
R01,1,企業法,11,R01年Ⅰ短答式企業法-11,"株式会社の会計参与に関する次の記述のうち，正しいものの組合せとして最も適切な番号を一つ選びなさい。（5点）
ア．会計参与は，弁護士若しくは弁護士法人又は公認会計士若しくは監査法人でなければならない。
イ．株式会社又はその子会社の監査役は，当該株式会社の会計参与となることができない。
ウ．監査役設置会社における会計参与の法定の任期は，選任後2年以内に終了する事業年度のうち最終のものに関する定時株主総会の終結の時までである。
エ．取締役会設置会社における会計参与の報酬等は，定款にその額を定めていないときは，取締役会の決議によってこれを定める。",4,アイ,アウ,アエ,イウ,イエ,ウエ,TRUE,企業法,CPA,公認会計士,
R01,1,企業法,12,R01年Ⅰ短答式企業法-12,"株式会社の役員等がその任務を怠ったときに当該株式会社に対して負う損害賠償責任（以下，「任務懈怠責任」という。）の一部を株主総会の特別決議によって免除する場合（以下，「一部免除」という。）に関する次の記述のうち，正しいものの組合せとして最も適切な番号を一つ選びなさい。（5点）
ア．取締役が自己のために株式会社と取引をした場合に，当該取引から生じた当該取締役の任務懈怠責任は，一部免除の対象とはならない。
イ．株式会社に最終完全親会社等があり，取締役の任務懈怠責任が特定責任であるときは，同責任は，最終完全親会社等の株主総会の特別決議による一部免除の対象とはならない。
ウ．指名委員会等設置会社の執行役の任務懈怠責任は，一部免除の対象となる。
エ．会計監査人の任務懈怠責任は，一部免除の対象とはならない。",2,アイ,アウ,アエ,イウ,イエ,ウエ,TRUE,企業法,CPA,公認会計士,
R01,1,企業法,13,R01年Ⅰ短答式企業法-13,"指名委員会等設置会社における報告義務に関する次の記述のうち，正しいものの組合せとして最も適切な番号を一つ選びなさい。（5点）
ア．執行役は，取締役会に対し，他の執行役を代理人として，自己の職務の執行の状況を報告させることはできない。
イ．指名委員会等の委員は，各自，遅滞なく，自己の職務の執行の状況を取締役会に報告しなければならない。
ウ．執行役は，指名委員会等設置会社に著しい損害を及ぼすおそれのある事実を発見したときは，直ちに，当該事実を監査委員に報告しなければならない。
エ．執行役，取締役，会計参与又は会計監査人が委員の全員に対して指名委員会等に報告すべき事項を通知したときは，当該事項を指名委員会等へ報告することを要しない。",6,アイ,アウ,アエ,イウ,イエ,ウエ,TRUE,企業法,CPA,公認会計士,
R01,1,企業法,14,R01年Ⅰ短答式企業法-14,"株式会社が行った剰余金の配当により株主に対して交付された金銭等（以下，「配当財産」という。）の帳簿価額の総額が，当該剰余金の配当がその効力を生ずる日における分配可能額を超えた場合（以下，この場合における剰余金の配当を「違法配当」という。）に関する次の記述のうち，正しいものの組合せとして最も適切な番号を一つ選びなさい。（5点）
ア．違法配当に関する職務を行った業務執行者が，当該株式会社に対し，当該配当財産の帳簿価額に相当する金銭を支払う義務は，総株主の同意がある場合は，当該剰余金配当の時における分配可能額を限度として免除することができる。
イ．違法配当に関する職務を行った業務執行者のうち，当該違法配当により配当財産を交付した取締役は，その職務を行うについて注意を怠らなかったことを証明したときであっても，当該配当財産の帳簿価額に相当する金銭を当該株式会社に対し支払う義務を免れることができない。
ウ．違法配当により配当財産の交付を受けた株主は，当該株式会社に対し，当該配当財産の帳簿価額に相当する金銭を支払った後でなければ，その有する株式について，株主の権利を行使することができない。
エ．当該株式会社の債権者は，違法配当により配当財産の交付を受けた株主に対し，当該配当財産の帳簿価額に相当する金銭を，当該債権者が当該株式会社に対して有する債権額の範囲内で，支払わせることができる。",3,アイ,アウ,アエ,イウ,イエ,ウエ,TRUE,企業法,CPA,公認会計士,
R01,1,企業法,15,R01年Ⅰ短答式企業法-15,"持分会社に関する次の記述のうち，正しいものの組合せとして最も適切な番号を一つ選びなさい。なお，定款に別段の定めはないものとする。（5点）
ア．持分会社の業務を執行する社員は，当該社員以外の社員の過半数の承認を受けなければ，当該持分会社の事業と同種の事業を目的とする株式会社の取締役となることができない。
イ．持分会社の業務を執行する社員が自己又は第三者のために当該持分会社と取引をしようとするときは，当該社員以外の社員の過半数の承認を受けなければならない。
ウ．持分会社の支配人の選任及び解任は，総社員の同意をもって決定する。
エ．持分会社の業務を執行する社員は，当該持分会社又は他の社員の請求があるときは，いつでもその職務の執行の状況を報告しなければならない。",5,アイ,アウ,アエ,イウ,イエ,ウエ,TRUE,企業法,CPA,公認会計士,
R01,1,企業法,16,R01年Ⅰ短答式企業法-16,"社債に関する次の記述のうち，正しいものの組合せとして最も適切な番号を一つ選びなさい。（5点）
ア．社債発行会社は，社債原簿に関する事務を行うことを委託するために，社債原簿管理人を定めなければならない。
イ．社債発行会社は，社債券を発行する旨の定めがある社債を発行した場合には，社債権者からの請求がある時までは，社債券を発行しないことができる。
ウ．会社が社債を発行する場合において，各社債の金額が1億円以上であるときは，社債管理者を設置することを要しない。
エ．社債権者集会の決議によって代表社債権者を選任するには，議決権者の議決権の総額の5分の1以上で，かつ，出席した議決権者の議決権の総額の3分の2以上の議決権を有する者の同意がなければならない。",6,アイ,アウ,アエ,イウ,イエ,ウエ,TRUE,企業法,CPA,公認会計士,
R01,1,企業法,17,R01年Ⅰ短答式企業法-17,"株式会社の組織再編に関する次の記述のうち，正しいものの組合せとして最も適切な番号を一つ選びなさい。（5点）
ア．二以上の株式会社が共同して株式移転をする場合には，当該二以上の株式会社は株式移転契約を締結しなければならない。
イ．新設分割に際して，分割対価の全てを金銭とすることができる。
ウ．吸収合併の存続会社において，反対株主による株式買取請求に係る株式の買取りの効力が生ずるのは，当該吸収合併の効力発生日である。
エ．株式交換において，完全親会社となる株式会社が完全子会社となる株式会社の特別支配会社である場合，完全子会社となる株式会社においては，特別支配会社以外の株主全員が株式買取請求権を有する。",6,アイ,アウ,アエ,イウ,イエ,ウエ,TRUE,企業法,CPA,公認会計士,
R01,1,企業法,18,R01年Ⅰ短答式企業法-18,"会社の組織に関する訴えに係る請求を認容する確定判決に関する次の記述のうち，正しいものの組合せとして最も適切な番号を一つ選びなさい。（5点）
ア．株式移転の無効の訴えに係る請求を認容する判決が確定したことは，株式移転設立完全親会社の清算の開始原因となる。
イ．新設分割の無効の訴えに係る請求を認容する判決が確定したことは，新設分割設立株式会社の清算の開始原因となる。
ウ．持分会社の設立の取消しの訴えに係る請求を認容する判決が確定したことは，当該持分会社の清算の開始原因となる。
エ．新設合併の無効の訴えに係る請求を認容する判決が確定したことは，新設合併設立株式会社の清算の開始原因となる。",2,アイ,アウ,アエ,イウ,イエ,ウエ,TRUE,企業法,CPA,公認会計士,
R01,1,企業法,19,R01年Ⅰ短答式企業法-19,"金融商品取引法上の確認書及び内部統制報告書に関する次の記述のうち，正しいものの組合せとして最も適切な番号を一つ選びなさい。（5点）
ア．上場会社等は，四半期報告書の記載内容が金融商品取引法令に基づき適正であることを確認した旨を記載した確認書を，当該四半期報告書と併せて内閣総理大臣に提出しなければならない。
イ．内閣総理大臣に提出された確認書は，公衆の縦覧に供されない。
ウ．内閣総理大臣に提出された内部統制報告書は，公衆の縦覧に供される。
エ．重要な事項について虚偽の記載がある内部統制報告書の提出会社の役員等の損害賠償責任については，金融商品取引法に規定されていない。",2,アイ,アウ,アエ,イウ,イエ,ウエ,TRUE,企業法,CPA,公認会計士,
R01,1,企業法,20,R01年Ⅰ短答式企業法-20,"公開買付けに関する次の記述のうち，正しいものの組合せとして最も適切な番号を一つ選びなさい。（5点）
ア．対象者は，内閣総理大臣に提出する意見表明報告書において，公開買付けに応募することを勧めるか否かを明らかにしなければならない。
イ．応募株主等は，公開買付期間中においては，いつでも，当該公開買付けに係る契約の解除をすることができる。
ウ．公開買付者は，公開買付期間中においては，いつでも，当該公開買付けに係る申込みを撤回することができる。
エ．公開買付者は，買付予定の株券等の数を減少させる買付条件の変更を行うことができない。",5,アイ,アウ,アエ,イウ,イエ,ウエ,TRUE,企業法,CPA,公認会計士,
